title,company,location,link
2020 Market Data Analyst - Seoul (Korean Speaker),Bloomberg,서울,https://kr.indeed.com/viewjob?jk=b3dc36f873b9e4e3&tk=1e8dtuqnr7kt4800&from=serp&vjs=3
Window Desktop Application Developer (C# / .NET),Bepro Company,서울,https://kr.indeed.com/viewjob?jk=01b7f9d31e668163&tk=1e8dtuqnr7kt4800&from=serp&vjs=3
Frontend Developer (Javascript/React),Bepro Company,서울,https://kr.indeed.com/viewjob?jk=d11342cfe074df78&tk=1e8dtuqnr7kt4800&from=serp&vjs=3
데이터 분석가 (Business Intelligence Analyst),코스닥 상장 중견 게임기업,서울 강남구,https://kr.indeed.com/viewjob?jk=c1037225077ca4da&tk=1e8dtuqnr7kt4800&from=serp&vjs=3
2020년 수시,하나은행,대한민국,https://kr.indeed.com/viewjob?jk=89c2c453695cdea7&tk=1e8dtuqnr7kt4800&from=serp&vjs=3
[전문연구요원] 상시,네이버,대한민국,https://kr.indeed.com/viewjob?jk=b79c2ae536063b01&tk=1e8dtuqnr7kt4800&from=serp&vjs=3
[Clova] Clova AI 인재,네이버,대한민국,https://kr.indeed.com/viewjob?jk=92bd400e3b5306ba&tk=1e8dtuqnr7kt4800&from=serp&vjs=3
Data Scientist,Boston Consulting Group,서울,https://kr.indeed.com/viewjob?jk=ce6747e77c861c46&tk=1e8dtuqnr7kt4800&from=serp&vjs=3
Data analyst,네오위즈,대한민국,https://kr.indeed.com/viewjob?jk=7de81c247b678be8&tk=1e8dtuqnr7kt4800&from=serp&vjs=3
Security Operations Center Analyst,Booz Allen Hamilton,경기도 평택,https://kr.indeed.com/viewjob?jk=3e207b801bb540db&tk=1e8dtuqnr7kt4800&from=serp&vjs=3
[Search] [Vision] Computer Vision Engineer 체험형 인턴,네이버,대한민국,https://kr.indeed.com/viewjob?jk=a41d35173ffe4666&tk=1e8dtuqnr7kt4800&from=serp&vjs=3
Process & Data Scientist,Applied Materials Inc.,대한민국,https://kr.indeed.com/viewjob?jk=e56ad55002666f4c&tk=1e8dtuqnr7kt4800&from=serp&vjs=3
2020년 5월 신입/경력 공채,제우스,경기도 오산,https://kr.indeed.com/viewjob?jk=21d93be117fb1214&tk=1e8dtuqnr7kt4800&from=serp&vjs=3
AI/빅데이터 분야 (인재 Pool),LG유플러스,서울,https://kr.indeed.com/viewjob?jk=fb617eeb80ea6fa9&tk=1e8dtuqnr7kt4800&from=serp&vjs=3
Physical Implementation Engineer,SiFive,대한민국,https://kr.indeed.com/viewjob?jk=55537575b7dd8d87&tk=1e8dtuqnr7kt4800&from=serp&vjs=3
Technical Consultant Intern,Amazon Web Services Korea LLC,서울,https://kr.indeed.com/viewjob?jk=7c10dc52b2252e38&tk=1e8dtuqnr7kt4800&from=serp&vjs=3
네이버웹툰 데이터분석 인턴 (체험형),네이버,대한민국,https://kr.indeed.com/viewjob?jk=dfe337fc40297c35&tk=1e8dtuqnr7kt4800&from=serp&vjs=3
Data Analyst,Axiologic Solutions,서울,https://kr.indeed.com/viewjob?jk=eb45c08f4c4a43d8&tk=1e8dtuqnr7kt4800&from=serp&vjs=3
Cross Border e-Commerce - Business Intelligence for Korea Market,Shopee,서울,https://kr.indeed.com/viewjob?jk=69b824318cebcbb9&tk=1e8dtuqnr7kt4800&from=serp&vjs=3
보훈대상자 인재 채용,네오위즈,대한민국,https://kr.indeed.com/viewjob?jk=dfcb86f156623e5c&tk=1e8dtuqnr7kt4800&from=serp&vjs=3
Back-end Engineer (Python),Soomgo,서울 강남구,https://kr.indeed.com/viewjob?jk=752a4b5d63eac97c&tk=1e8dtuqnr7kt4800&from=serp&vjs=3
[정규직] 각 부문별 신입/경력,파크시스템스,수원 영통구,https://kr.indeed.com/viewjob?jk=c5f24be08e893136&tk=1e8dtuqnr7kt4800&from=serp&vjs=3
Design for Test (DFT) Engineer,SiFive,대한민국,https://kr.indeed.com/viewjob?jk=6c6ccc05ec15dc41&tk=1e8dtuqnr7kt4800&from=serp&vjs=3
데이터 엔지니어,네오위즈,대한민국,https://kr.indeed.com/viewjob?jk=9beae60d2a0472c6&tk=1e8dtuqnr7kt4800&from=serp&vjs=3
Django + Python 웹개발,(주)딕스코리아,서울 가산디지털단지역,https://kr.indeed.com/viewjob?jk=d7a5d7d67068b597&tk=1e8dtuqnr7kt4800&from=serp&vjs=3
Developer / Designer recruit,마이뮤직테이스트,서울 논현동,https://kr.indeed.com/viewjob?jk=55a19c92c845685e&tk=1e8dtuqnr7kt4800&from=serp&vjs=3
"Customer Solutions Engineer, Global Client and Agency Solutions",Google,서울,https://kr.indeed.com/viewjob?jk=2615f45e6f912c05&tk=1e8dtuqnr7kt4800&from=serp&vjs=3
2020 전문연구요원 공개 채용,넷마블,서울 구로구,https://kr.indeed.com/viewjob?jk=b1c8dcf6b4990bbd&tk=1e8dtuqnr7kt4800&from=serp&vjs=3
Information Management Office Cybersecurity Engineer,Booz Allen Hamilton,서울,https://kr.indeed.com/viewjob?jk=4c3776c4cce63109&tk=1e8dtuqnr7kt4800&from=serp&vjs=3
Cross Border Ecommerce - Business Intelligence (Based in Seoul),Shopee,서울,https://kr.indeed.com/viewjob?jk=b574f1454ae36aab&tk=1e8dtuqnr7kt4800&from=serp&vjs=3
빅테이터 교육 보조강사,마루한사회적협동조합,인천 남동구,https://kr.indeed.com/viewjob?jk=18037c0eb7d6fbe7&tk=1e8dtuqnr7kt4800&from=serp&vjs=3
"Cyber Defensive Operator, Mid",Booz Allen Hamilton,경기도 평택,https://kr.indeed.com/viewjob?jk=b009f7aa9de5ef48&tk=1e8dtuqnr7kt4800&from=serp&vjs=3
"Design Consultant, Sr II",Synopsys,대한민국,https://kr.indeed.com/viewjob?jk=33da210b05e4dac7&tk=1e8dtuqnr7kt4800&from=serp&vjs=3
기후변화감시과 무기계약 근로자,기상청,대한민국,https://kr.indeed.com/viewjob?jk=e060e1d70dba315e&tk=1e8dtuqnr7kt4800&from=serp&vjs=3
2020 APAC Graduate Programme – Junior Fixed Income Sales,BNP Paribas,서울,https://kr.indeed.com/viewjob?jk=b2c01054f550bdf2&tk=1e8dtuqnr7kt4800&from=serp&vjs=3
글로벌 소비재기업 APAC담당 Sr. Enterprise Architect (7~12년차)포지션 ASAP,글로벌 소비재기업 APAC 소속,서울,https://kr.indeed.com/viewjob?jk=8405cf7fad057a1a&tk=1e8dtuqnr7kt4800&from=serp&vjs=3
"Cyber Risk Management Analyst, Mid",Booz Allen Hamilton,경기도 평택,https://kr.indeed.com/viewjob?jk=433ceb4487baf3dc&tk=1e8dtuqnr7kt4800&from=serp&vjs=3
Data Analyst,레이니스트,서울,https://kr.indeed.com/viewjob?jk=e5ca14de265f7fc9&tk=1e8dtuqnr7kt4800&from=serp&vjs=3
2020 Market Data Analyst - Seoul (Korean Speaker),Bloomberg,서울,https://kr.indeed.com/viewjob?jk=212ca67d161b7162&tk=1e8dtuqnr7kt4800&from=serp&vjs=3
[홈쇼핑모아] 개발팀 / 백엔드 엔지니어,버즈니,서울,https://kr.indeed.com/viewjob?jk=6d0388270778d803&tk=1e8dtuqnr7kt4800&from=serp&vjs=3
머신러닝/딥러닝,NHN,성남 판교역,https://kr.indeed.com/viewjob?jk=cd8ee27085e6a2ff&tk=1e8dtuqnr7kt4800&from=serp&vjs=3
정보보안 담당자,Nexon,성남 분당구,https://kr.indeed.com/viewjob?jk=e1719c3044cb5bd1&tk=1e8dtuqnr7kt4800&from=serp&vjs=3
네트워크 보안,NHN,성남 판교역,https://kr.indeed.com/viewjob?jk=8e2147693973f86d&tk=1e8dtuqnr7kt4800&from=serp&vjs=3
Data Analyst,토스,서울 강남구,https://kr.indeed.com/viewjob?jk=e393fa440b668be7&tk=1e8dtuqnr7kt4800&from=serp&vjs=3
Quant 트레이딩 부문,벨에포크자산운용,대한민국,https://kr.indeed.com/viewjob?jk=3e617a8ed7934773&tk=1e8dtuqnr7kt4800&from=serp&vjs=3
현대오토에버 경력사원,현대오토에버,서울 강남구,https://kr.indeed.com/viewjob?jk=841d682c126a82e9&tk=1e8dtuqnr7kt4800&from=serp&vjs=3
[NAVERxLINE] Global Ad Data Engineer/AI Engineer/AI Planner,네이버,대한민국,https://kr.indeed.com/viewjob?jk=a358a39da5dfc360&tk=1e8dtuqnr7kt4800&from=serp&vjs=3
[개발]Python 백엔드 개발자(정규직),위메프,대한민국,https://kr.indeed.com/viewjob?jk=a4946f6098077a45&tk=1e8dtuqnr7kt4800&from=serp&vjs=3
[홈쇼핑모아] 개발팀 / 데이터 엔지니어,버즈니,서울,https://kr.indeed.com/viewjob?jk=ceb8243bc8ae3c35&tk=1e8dtuqnr7kt4800&from=serp&vjs=3
Junior Quant Trader,Byzantine Partners,서울,https://kr.indeed.com/viewjob?jk=25725b3c0e607311&tk=1e8dtuqnr7kt4800&from=serp&vjs=3
Solutions Architect,Cloudera,대한민국,https://kr.indeed.com/viewjob?jk=a459013391a3d600&tk=1e8dtuqnr7kt4800&from=serp&vjs=3
Support Engineer,Microsoft,서울,https://kr.indeed.com/viewjob?jk=0bbf23c0930be392&tk=1e8dtuqnr7kt4800&from=serp&vjs=3
[Search] BigData and AI Platform S/W엔지니어 신입/경력사원,네이버,대한민국,https://kr.indeed.com/viewjob?jk=7d85150a375cfacf&tk=1e8dtuqnr7kt4800&from=serp&vjs=3
Systems Improvement Specialist (MES/Quality focus),듀폰코리아,천안 동남구,https://kr.indeed.com/viewjob?jk=0025501fdfaf08e7&tk=1e8dtuqnr7kt4800&from=serp&vjs=3
Frontend Developer (Javascript/React),Bepro Company,서울,https://kr.indeed.com/viewjob?jk=d11342cfe074df78&tk=1e8dtuqnr7kt4800&from=serp&vjs=3
Frontend Developer (Javascript/React),Bepro Company,서울,https://kr.indeed.com/viewjob?jk=d11342cfe074df78&tk=1e8dtuqnr7kt4800&from=serp&vjs=3
MySQL Engineer,카카오,성남 판교역,https://kr.indeed.com/viewjob?jk=dd06066d79860614&tk=1e8dtuqnr7kt4800&from=serp&vjs=3
Healthcare Real World Data Analyst 담당자,IQVIA,서울,https://kr.indeed.com/viewjob?jk=a39853230d5ceca8&tk=1e8dtuqnr7kt4800&from=serp&vjs=3
데이터 엔지니어,리디,서울특별시,https://kr.indeed.com/viewjob?jk=1937ebb0ea172f08&tk=1e8dtuqnr7kt4800&from=serp&vjs=3
빅테이터 교육 보조강사,마루한사회적협동조합,인천 남동구,https://kr.indeed.com/viewjob?jk=18037c0eb7d6fbe7&tk=1e8dtuqnr7kt4800&from=serp&vjs=3
[Autonomous Driving] Virtual Environment Simulation Engineer,네이버,대한민국,https://kr.indeed.com/viewjob?jk=5ed0334bca0963cb&tk=1e8dtuqnr7kt4800&from=serp&vjs=3
백엔드 엔지니어 (e-커머스),리디,서울특별시,https://kr.indeed.com/viewjob?jk=fb3aedda32d2843b&tk=1e8dtuqnr7kt4800&from=serp&vjs=3
Data Analyst,토스,서울 강남구,https://kr.indeed.com/viewjob?jk=e393fa440b668be7&tk=1e8dtuqnr7kt4800&from=serp&vjs=3
Software Engineer,Google,서울,https://kr.indeed.com/viewjob?jk=d2df92c32bd4a203&tk=1e8dtuqnr7kt4800&from=serp&vjs=3
[S/W] 로봇 내비게이션 기술 개발,현대자동차그룹,대한민국,https://kr.indeed.com/viewjob?jk=f4f8bfaed95edb7e&tk=1e8dtuqnr7kt4800&from=serp&vjs=3
데이터 분석가,카카오,성남 판교역,https://kr.indeed.com/viewjob?jk=092d062a6faa7139&tk=1e8dtuqnr7kt4800&from=serp&vjs=3
챗봇 플랫폼 개발자,카카오,성남 판교역,https://kr.indeed.com/viewjob?jk=20d40ee61adffeca&tk=1e8dtuqnr7kt4800&from=serp&vjs=3
Machine Learning Researcher - Speech Synthesis,Qualcomm,서울,https://kr.indeed.com/viewjob?jk=36b2d95ca4db80f4&tk=1e8dtuqnr7kt4800&from=serp&vjs=3
네이버 일본 맛집 서비스 CONOMI 머신러닝 개발자,네이버,대한민국,https://kr.indeed.com/viewjob?jk=feac8a234b715106&tk=1e8dtuqnr7kt4800&from=serp&vjs=3
2016년도 상반기 국립기상과학원 기간제근로자(소프트웨어기사),기상청,대한민국,https://kr.indeed.com/viewjob?jk=0ff60b682d4582cd&tk=1e8dtuqnr7kt4800&from=serp&vjs=3
Platform/BSP SW APPS Engineering - Engineer/Sr. Engineer,Qualcomm,서울,https://kr.indeed.com/viewjob?jk=db144509587439c1&tk=1e8dtuqnr7kt4800&from=serp&vjs=3
Data Scientist,토스,서울 강남구,https://kr.indeed.com/viewjob?jk=f5f5f902d240ac96&tk=1e8dtuqnr7kt4800&from=serp&vjs=3
Cross Border e-Commerce - Business Intelligence for Korea Market,Shopee,서울,https://kr.indeed.com/viewjob?jk=69b824318cebcbb9&tk=1e8dtuqnr7kt4800&from=serp&vjs=3
Quantitative Developer,Terra,서울,https://kr.indeed.com/viewjob?jk=6b11eb34948c87ae&tk=1e8dtuqnr7kt4800&from=serp&vjs=3
기상청 국가태풍센터 공무직 근로자,기상청,대한민국,https://kr.indeed.com/viewjob?jk=58dbff5fd8f974f0&tk=1e8dtuqnr7kt4800&from=serp&vjs=3
MongoDB Engineer,카카오,성남 판교역,https://kr.indeed.com/viewjob?jk=2695294aea6dc3b6&tk=1e8dtuqnr7kt4800&from=serp&vjs=3
"Cyber Defensive Operator, Mid",Booz Allen Hamilton,경기도 평택,https://kr.indeed.com/viewjob?jk=b009f7aa9de5ef48&tk=1e8dtuqnr7kt4800&from=serp&vjs=3
Cross Border Ecommerce - Business Intelligence (Based in Seoul),Shopee,서울,https://kr.indeed.com/viewjob?jk=b574f1454ae36aab&tk=1e8dtuqnr7kt4800&from=serp&vjs=3
연구원(기간제 근로자),기상청,대한민국,https://kr.indeed.com/viewjob?jk=777228e9d501aaa4&tk=1e8dtuqnr7kt4800&from=serp&vjs=3
네트워크 보안,NHN,성남 판교역,https://kr.indeed.com/viewjob?jk=8e2147693973f86d&tk=1e8dtuqnr7kt4800&from=serp&vjs=3
추천 통계분석/데이터사이언티스트,카카오,성남 판교역,https://kr.indeed.com/viewjob?jk=bfe0f5ac4f32ec89&tk=1e8dtuqnr7kt4800&from=serp&vjs=3
"R&D Engineer, Sr I",Synopsys,서울,https://kr.indeed.com/viewjob?jk=432b169b273d9964&tk=1e8dtuqnr7kt4800&from=serp&vjs=3
Business Data Analyst,Soomgo,서울 강남구,https://kr.indeed.com/viewjob?jk=166aa0c72e94a266&tk=1e8dtuqnr7kt4800&from=serp&vjs=3
Business Analyst (Search and Discovery Analytics),Coupang,서울,https://kr.indeed.com/viewjob?jk=8d0b3a79363b5a69&tk=1e8dtuqnr7kt4800&from=serp&vjs=3
R&D 연구원/ 임베디드시스템 개발자,홍익대학교 무인이동체자율항법연구실,서울 마포구,https://kr.indeed.com/viewjob?jk=40acc204682e5219&tk=1e8dtuqnr7kt4800&from=serp&vjs=3
Technical Writer,Sendbird,서울,https://kr.indeed.com/viewjob?jk=e5c63f4e86ceefda&tk=1e8dtuqnr7kt4800&from=serp&vjs=3
글로벌 메이저 소비재 기업 Server Technician (7~12년차) 포지션 ASAP,글로벌 메이저 소비재 기업,서울 강남구,https://kr.indeed.com/viewjob?jk=3ecc0d5295f6a3ec&tk=1e8dtuqnr7kt4800&from=serp&vjs=3
카카오톡 보이스톡/페이스톡/라이브톡 개발자,카카오,성남 판교역,https://kr.indeed.com/viewjob?jk=d585814d097935eb&tk=1e8dtuqnr7kt4800&from=serp&vjs=3
2018년도 국가기상위성센터 공무직근로자(연구원),기상청,대한민국,https://kr.indeed.com/viewjob?jk=2e5be9df5ff36dbd&tk=1e8dtuqnr7kt4800&from=serp&vjs=3
[판교]기술지원,NHN Service] [판교,경기도,https://kr.indeed.com/viewjob?jk=466ed639df372448&tk=1e8dtuqnr7kt4800&from=serp&vjs=3
Solutions Architect,Cloudera,대한민국,https://kr.indeed.com/viewjob?jk=a459013391a3d600&tk=1e8dtuqnr7kt4800&from=serp&vjs=3
WebXR / 디지털 트윈 개발 (SW),클레이웍스(주),수원 영통구,https://kr.indeed.com/viewjob?jk=0853a52500098773&tk=1e8dtuqnr7kt4800&from=serp&vjs=3
Research Engineer - Machine Learning,AITRICS,서울,https://kr.indeed.com/viewjob?jk=05ce3c7d5c6c368c&tk=1e8dtuqnr7kt4800&from=serp&vjs=3
PDC SW Engineer (R&D Extension),Applied Materials Inc.,경기도 화성,https://kr.indeed.com/viewjob?jk=bd47be8c217b1a6e&tk=1e8dtuqnr7kt4800&from=serp&vjs=3
퀀트운용팀 (사원-대리급),신한비엔피파리바자산운용,대한민국,https://kr.indeed.com/viewjob?jk=9040dba1c8db2a5d&tk=1e8dtuqnr7kt4800&from=serp&vjs=3
APEC 기후센터 (전산통계 연구원),기상청,대한민국,https://kr.indeed.com/viewjob?jk=88c3cedc8998190f&tk=1e8dtuqnr7kt4800&from=serp&vjs=3
WebRTC UC & Collaboration Developer,Ericsson,서울,https://kr.indeed.com/viewjob?jk=41818bc2a8ab8283&tk=1e8dtuqnr7kt4800&from=serp&vjs=3
[Search] BigData and AI Platform S/W엔지니어 신입/경력사원,네이버,대한민국,https://kr.indeed.com/viewjob?jk=7d85150a375cfacf&tk=1e8dtuqnr7kt4800&from=serp&vjs=3
Software Developer - Front-End / Back-End,AITRICS,서울,https://kr.indeed.com/viewjob?jk=5123207a169f90eb&tk=1e8dtuqnr7kt4800&from=serp&vjs=3
[홈쇼핑모아] 개발팀 / 데이터 엔지니어,버즈니,서울,https://kr.indeed.com/viewjob?jk=ceb8243bc8ae3c35&tk=1e8dtuqnr7kt4800&from=serp&vjs=3
머신러닝/딥러닝,NHN,성남 판교역,https://kr.indeed.com/viewjob?jk=cd8ee27085e6a2ff&tk=1e8dtuqnr7kt4800&from=serp&vjs=3
Security Engineer,이베이 코리아,대한민국,https://kr.indeed.com/viewjob?jk=4688f7b98878484e&tk=1e8dtuqnr7kt4800&from=serp&vjs=3
Software Engineer - Real-time Chat Platform,Sendbird,서울,https://kr.indeed.com/viewjob?jk=701b04f0ab18c3d0&tk=1e8dtuqnr7kt4800&from=serp&vjs=3
Junior Full-Stack Developer,Asiance,서울,https://kr.indeed.com/viewjob?jk=7268328c0d71d81c&tk=1e8dtuqnr7kt4800&from=serp&vjs=3
Web / Spring Framework Developer,에릭슨엘지,서울 금천구,https://kr.indeed.com/viewjob?jk=0fa4049493edf93d&tk=1e8dtuqnr7kt4800&from=serp&vjs=3
Window Desktop Application Developer (C# / .NET),Bepro Company,서울,https://kr.indeed.com/viewjob?jk=01b7f9d31e668163&tk=1e8dtuqnr7kt4800&from=serp&vjs=3
데이터 분석가 (Business Intelligence Analyst),코스닥 상장 중견 게임기업,서울 강남구,https://kr.indeed.com/viewjob?jk=c1037225077ca4da&tk=1e8dtuqnr7kt4800&from=serp&vjs=3
2020 Market Data Analyst - Seoul (Korean Speaker),Bloomberg,서울,https://kr.indeed.com/viewjob?jk=b3dc36f873b9e4e3&tk=1e8dtuqnr7kt4800&from=serp&vjs=3
2020 Market Data Analyst - Seoul (Korean Speaker),Bloomberg,서울,https://kr.indeed.com/viewjob?jk=b3dc36f873b9e4e3&tk=1e8dtuqnr7kt4800&from=serp&vjs=3
[Autonomous Driving] Virtual Environment Simulation Engineer,네이버,대한민국,https://kr.indeed.com/viewjob?jk=5ed0334bca0963cb&tk=1e8dtuqnr7kt4800&from=serp&vjs=3
웹프론트엔드 개발자,Nexon,성남 분당구,https://kr.indeed.com/viewjob?jk=f4a5057bd3043129&tk=1e8dtuqnr7kt4800&from=serp&vjs=3
삼성 청년SW아카데미 4기,멀티캠퍼스,서울,https://kr.indeed.com/viewjob?jk=f179ae9ce0b642be&tk=1e8dtuqnr7kt4800&from=serp&vjs=3
Technical Leader - OPC,Siemens AG,경기도 성남,https://kr.indeed.com/viewjob?jk=2cfcbfbe70232dbc&tk=1e8dtuqnr7kt4800&from=serp&vjs=3
백엔드 엔지니어 (e-커머스),리디,서울특별시,https://kr.indeed.com/viewjob?jk=fb3aedda32d2843b&tk=1e8dtuqnr7kt4800&from=serp&vjs=3
Business Analyst (Search and Discovery Analytics),Coupang,서울,https://kr.indeed.com/viewjob?jk=8d0b3a79363b5a69&tk=1e8dtuqnr7kt4800&from=serp&vjs=3
Data Scientist,하이퍼커넥트,서울,https://kr.indeed.com/viewjob?jk=5bc622575fee61b8&tk=1e8dtuqnr7kt4800&from=serp&vjs=3
Junior Full-Stack Developer,Asiance,서울,https://kr.indeed.com/viewjob?jk=7268328c0d71d81c&tk=1e8dtuqnr7kt4800&from=serp&vjs=3
"Applications Engineer, Staff",Synopsys,서울,https://kr.indeed.com/viewjob?jk=9c8217b043a1c66f&tk=1e8dtuqnr7kt4800&from=serp&vjs=3
인프라보안 직군 모집,넷마블,서울 구로구,https://kr.indeed.com/viewjob?jk=f8fceff441e23ad6&tk=1e8dtuqnr7kt4800&from=serp&vjs=3
데이터 엔지니어,리디,서울특별시,https://kr.indeed.com/viewjob?jk=1937ebb0ea172f08&tk=1e8dtuqnr7kt4800&from=serp&vjs=3
Data Engineer,레이니스트,서울,https://kr.indeed.com/viewjob?jk=02dd3cb5f0906404&tk=1e8dtuqnr7kt4800&from=serp&vjs=3
[직접결제] 개발팀 / 백엔드 엔지니어,버즈니,서울,https://kr.indeed.com/viewjob?jk=6fc4e90d77d06c62&tk=1e8dtuqnr7kt4800&from=serp&vjs=3
Technical Writer,Sendbird,서울,https://kr.indeed.com/viewjob?jk=e5c63f4e86ceefda&tk=1e8dtuqnr7kt4800&from=serp&vjs=3
경력직 - [피파온라인4] 테크니컬 아티스트,Electronic Arts,서울,https://kr.indeed.com/viewjob?jk=0bce5c7e8c1e521d&tk=1e8dtuqnr7kt4800&from=serp&vjs=3
각 부문 신입 및 경력직,다나와,서울 양천구,https://kr.indeed.com/viewjob?jk=e9769f02d3ee247b&tk=1e8dtuqnr7kt4800&from=serp&vjs=3
매칭팀 - 데이터분석가,Nexon,성남 분당구,https://kr.indeed.com/viewjob?jk=48090bdf1303bd76&tk=1e8dtuqnr7kt4800&from=serp&vjs=3
Data Center Technician,Amzn Corporate Services Korea,서울,https://kr.indeed.com/viewjob?jk=1f542078927eb1e4&tk=1e8dtuqnr7kt4800&from=serp&vjs=3
퀀트운용팀 (사원-대리급),신한비엔피파리바자산운용,대한민국,https://kr.indeed.com/viewjob?jk=9040dba1c8db2a5d&tk=1e8dtuqnr7kt4800&from=serp&vjs=3
"RF SW Engineer, Senior",Qualcomm,서울,https://kr.indeed.com/viewjob?jk=2a4041f0b6aeb27b&tk=1e8dtuqnr7kt4800&from=serp&vjs=3
Machine Learning Researcher - Speech Synthesis,Qualcomm,서울,https://kr.indeed.com/viewjob?jk=36b2d95ca4db80f4&tk=1e8dtuqnr7kt4800&from=serp&vjs=3
Data Scientist,Soomgo,서울 강남구,https://kr.indeed.com/viewjob?jk=917cc06120add6e1&tk=1e8dtuqnr7kt4800&from=serp&vjs=3
2020년 제1회 예보국 공무직 근로자,기상청,대한민국,https://kr.indeed.com/viewjob?jk=e58d815322b69ad8&tk=1e8dtuqnr7kt4800&from=serp&vjs=3
System Engineer (South Korea),Confluent,서울,https://kr.indeed.com/viewjob?jk=6a399a2c059ebbb1&tk=1e8dtuqnr7kt4800&from=serp&vjs=3
[S/W] 로봇 내비게이션 기술 개발,현대자동차그룹,대한민국,https://kr.indeed.com/viewjob?jk=f4f8bfaed95edb7e&tk=1e8dtuqnr7kt4800&from=serp&vjs=3
[Clova] Clova AI AiCall 개발자 경력사원,네이버,대한민국,https://kr.indeed.com/viewjob?jk=7db25ada717266e0&tk=1e8dtuqnr7kt4800&from=serp&vjs=3
2020년 제1회 공무직 근로자 연장,기상청,대한민국,https://kr.indeed.com/viewjob?jk=b963b6feb7684f86&tk=1e8dtuqnr7kt4800&from=serp&vjs=3
R&D 연구원/ 임베디드시스템 개발자,홍익대학교 무인이동체자율항법연구실,서울 마포구,https://kr.indeed.com/viewjob?jk=40acc204682e5219&tk=1e8dtuqnr7kt4800&from=serp&vjs=3
2020년 하반기 IT전공자 위한 빅데이터 취업연계교육,중앙에이치티에이,서울 종로구,https://kr.indeed.com/viewjob?jk=8d81a4db5165ec80&tk=1e8dtuqnr7kt4800&from=serp&vjs=3
[ 2020 YG ENTERTAINMENT ] 정보관리 경력 (IT시스템 개발) - 상시 채용,YG 엔터테인먼트,서울 합정동,https://kr.indeed.com/viewjob?jk=dab3f72b35f4bc7e&tk=1e8dtuqnr7kt4800&from=serp&vjs=3
Technical Leader - OPC,한국멘토,성남 분당구,https://kr.indeed.com/viewjob?jk=f45c10d21524a45e&tk=1e8dtuqnr7kt4800&from=serp&vjs=3
근로자(연구원),기상청,대한민국,https://kr.indeed.com/viewjob?jk=03801e6002dec8d0&tk=1e8dtuqnr7kt4800&from=serp&vjs=3
[Search] NAVER Search 이미지 검색서버개발 신입/경력사원,네이버,대한민국,https://kr.indeed.com/viewjob?jk=a771637c0eeffc26&tk=1e8dtuqnr7kt4800&from=serp&vjs=3
"데이터 가치 함께 발굴하실 머신러닝, 통계 모델링 전문가",카카오,성남 판교역,https://kr.indeed.com/viewjob?jk=d1e75364ef505c68&tk=1e8dtuqnr7kt4800&from=serp&vjs=3
Software Developer - Front-End / Back-End,AITRICS,서울,https://kr.indeed.com/viewjob?jk=5123207a169f90eb&tk=1e8dtuqnr7kt4800&from=serp&vjs=3
사내 시스템 (O365) 구축/관리 엔지니어,Nexon,성남 분당구,https://kr.indeed.com/viewjob?jk=b4bd6d5bad3b761c&tk=1e8dtuqnr7kt4800&from=serp&vjs=3
PMIC S/W APPS Engineering – Senior to Staff,Qualcomm,서울,https://kr.indeed.com/viewjob?jk=01cdfff2d55c2fa5&tk=1e8dtuqnr7kt4800&from=serp&vjs=3
System Engineer,토스 뱅크,서울 강남구,https://kr.indeed.com/viewjob?jk=80dea8b8353c3ee0&tk=1e8dtuqnr7kt4800&from=serp&vjs=3
Data Engineer (Analytics/Anomaly-detection),LINE Plus corporation,성남 서현역,https://kr.indeed.com/viewjob?jk=4fbc49b63296ff88&tk=1e8dtuqnr7kt4800&from=serp&vjs=3
Window Desktop Application Developer (C# / .NET),Bepro Company,서울,https://kr.indeed.com/viewjob?jk=01b7f9d31e668163&tk=1e8dtuqnr7kt4800&from=serp&vjs=3
데이터연동개발팀 - 데이터엔지니어,Nexon,성남 분당구,https://kr.indeed.com/viewjob?jk=5b8d56d7f11903a2&tk=1e8dtuqnr7kt4800&from=serp&vjs=3
데이터 분석 및 지표 구축,아프리카TV,성남 분당구,https://kr.indeed.com/viewjob?jk=613678e409e8667c&tk=1e8dtuqnr7kt4800&from=serp&vjs=3
데이터 분석 및 모델링 (페이코 쿠폰/광고 타겟팅),NHN,성남 판교역,https://kr.indeed.com/viewjob?jk=4e17fe419583b40b&tk=1e8dtuqnr7kt4800&from=serp&vjs=3
추천 시스템 연구/개발,카카오,성남 판교역,https://kr.indeed.com/viewjob?jk=be6c1f03fa566f8e&tk=1e8dtuqnr7kt4800&from=serp&vjs=3
신규 글로벌 Entertainment 서비스 API 서버 개발,LINE Plus corporation,성남 정자역,https://kr.indeed.com/viewjob?jk=9b44934f71fd85f6&tk=1e8dtuqnr7kt4800&from=serp&vjs=3
Lead Product Engineer - Liberate,Cadence Design Systems,경기도,https://kr.indeed.com/viewjob?jk=ffac42e32db26233&tk=1e8dtuqnr7kt4800&from=serp&vjs=3
유저프로파일팀 - 데이터 모델러,Nexon,성남 분당구,https://kr.indeed.com/viewjob?jk=8dfc9993e2aa9160&tk=1e8dtuqnr7kt4800&from=serp&vjs=3
"프로그래머 _딥러닝,텐서플로우,웹프로그램,응용프로그램",웹플래너,서울 용산구,https://kr.indeed.com/viewjob?jk=af83a22a7360762e&tk=1e8dtuqnr7kt4800&from=serp&vjs=3
Linux/Python/PHP/MySQL/백엔드 정규직 경력,일루미나리안,용인 보정동,https://kr.indeed.com/viewjob?jk=04d685fc70b67d4e&tk=1e8dtuqnr7kt4800&from=serp&vjs=3
카카오톡 보이스톡/페이스톡/라이브톡 개발자,카카오,성남 판교역,https://kr.indeed.com/viewjob?jk=d585814d097935eb&tk=1e8dtuqnr7kt4800&from=serp&vjs=3
Window Desktop Application Developer (C# / .NET),Bepro Company,서울,https://kr.indeed.com/viewjob?jk=01b7f9d31e668163&tk=1e8dtuqnr7kt4800&from=serp&vjs=3
Frontend Developer (Javascript/React),Bepro Company,서울,https://kr.indeed.com/viewjob?jk=d11342cfe074df78&tk=1e8dtuqnr7kt4800&from=serp&vjs=3
데이터 분석가 (Business Intelligence Analyst),코스닥 상장 중견 게임기업,서울 강남구,https://kr.indeed.com/viewjob?jk=c1037225077ca4da&tk=1e8dtuqnr7kt4800&from=serp&vjs=3
Window Desktop Application Developer (C# / .NET),Bepro Company,서울,https://kr.indeed.com/viewjob?jk=01b7f9d31e668163&tk=1e8dtuqnr7kt4800&from=serp&vjs=3
Frontend Developer (Javascript/React),Bepro Company,서울,https://kr.indeed.com/viewjob?jk=d11342cfe074df78&tk=1e8dtuqnr7kt4800&from=serp&vjs=3
데이터 분석가 (Business Intelligence Analyst),코스닥 상장 중견 게임기업,서울 강남구,https://kr.indeed.com/viewjob?jk=c1037225077ca4da&tk=1e8dtuqnr7kt4800&from=serp&vjs=3
[홈쇼핑모아] 개발팀 / 백엔드 엔지니어,버즈니,서울,https://kr.indeed.com/viewjob?jk=6d0388270778d803&tk=1e8dtuqnr7kt4800&from=serp&vjs=3
Software Test Engineer for HANA Engine Intelligence Team,SAP,서울,https://kr.indeed.com/viewjob?jk=8aeedb3a2dba74b6&tk=1e8dtuqnr7kt4800&from=serp&vjs=3
System Engineer,토스 뱅크,서울 강남구,https://kr.indeed.com/viewjob?jk=80dea8b8353c3ee0&tk=1e8dtuqnr7kt4800&from=serp&vjs=3
Window Desktop Application Developer (C# / .NET),Bepro Company,서울,https://kr.indeed.com/viewjob?jk=01b7f9d31e668163&tk=1e8dtuqnr7kt4800&from=serp&vjs=3
[국비무료/해외취업] 일본 관광·서비스기업/독일 IT기업 취업연수생,전경련 국제경영원,서울 영등포구,https://kr.indeed.com/viewjob?jk=15a42e1f57cda077&tk=1e8dtuqnr7kt4800&from=serp&vjs=3
Python 신입/경력 정규직,태그바이컴퍼니,서울 강남구,https://kr.indeed.com/viewjob?jk=e7b19736572ba66e&tk=1e8dtuqnr7kt4800&from=serp&vjs=3
Quant 트레이딩 부문,벨에포크자산운용,대한민국,https://kr.indeed.com/viewjob?jk=3e617a8ed7934773&tk=1e8dtuqnr7kt4800&from=serp&vjs=3
Principal Business Analysis (CRM),Coupang,서울,https://kr.indeed.com/viewjob?jk=e75ddeeb278d91f2&tk=1e8dtuqnr7kt4800&from=serp&vjs=3
"Principal, Business Analyst (SCM Systems)",Coupang,서울,https://kr.indeed.com/viewjob?jk=f8884a7f8067fd39&tk=1e8dtuqnr7kt4800&from=serp&vjs=3
글로벌 소셜카지노 Product Manager (Live Ops & Data Analysis),네오위즈,대한민국,https://kr.indeed.com/viewjob?jk=b4979096d15bccbd&tk=1e8dtuqnr7kt4800&from=serp&vjs=3
Data Architect,Amazon Web Services Korea LLC,서울,https://kr.indeed.com/viewjob?jk=5d9a7b29a92fc3da&tk=1e8dtuqnr7kt4800&from=serp&vjs=3
"[경력] 물류IT 웹서비스 백엔드 개발자 (Python,Django)",알고랩,서울 강남구,https://kr.indeed.com/viewjob?jk=23664b58af163938&tk=1e8dtuqnr7kt4800&from=serp&vjs=3
[Clova] 음성 합성 기술 개발 신입/경력사원,네이버,대한민국,https://kr.indeed.com/viewjob?jk=e18dbcd921d9633b&tk=1e8dtuqnr7kt4800&from=serp&vjs=3
연동개발팀 직,NHN Edu,성남 판교역,https://kr.indeed.com/viewjob?jk=56bcae4fcfe15488&tk=1e8dtuqnr7kt4800&from=serp&vjs=3
데이터 분석 직군 모집,넷마블,서울 구로구,https://kr.indeed.com/viewjob?jk=1c4f1c0b625f5abd&tk=1e8dtuqnr7kt4800&from=serp&vjs=3
"Application Engineer, Sr II",Synopsys,서울,https://kr.indeed.com/viewjob?jk=8c8700db243d1a3c&tk=1e8dtuqnr7kt4800&from=serp&vjs=3
"Marketing Data Scientist, Google Professional Services",Google,서울,https://kr.indeed.com/viewjob?jk=424144a5501748e2&tk=1e8dtuqnr7kt4800&from=serp&vjs=3
Lead Product Engineer - Liberate,Cadence Design Systems,경기도,https://kr.indeed.com/viewjob?jk=ffac42e32db26233&tk=1e8dtuqnr7kt4800&from=serp&vjs=3
데이터분석가(팀장급),리디,서울,https://kr.indeed.com/viewjob?jk=d04fc2b73edbc742&tk=1e8dtuqnr7kt4800&from=serp&vjs=3
데이터 분석가(팀원급),리디,서울,https://kr.indeed.com/viewjob?jk=a03fdcac1dffb97a&tk=1e8dtuqnr7kt4800&from=serp&vjs=3
2019년도 기상청 기후과학국 공무직 근로자 (연장),기상청,대한민국,https://kr.indeed.com/viewjob?jk=ead30989fb520963&tk=1e8dtuqnr7kt4800&from=serp&vjs=3
인프라보안 직군 모집,넷마블,서울 구로구,https://kr.indeed.com/viewjob?jk=f8fceff441e23ad6&tk=1e8dtuqnr7kt4800&from=serp&vjs=3
PMIC S/W APPS Engineering – Senior to Staff,Qualcomm,서울,https://kr.indeed.com/viewjob?jk=01cdfff2d55c2fa5&tk=1e8dtuqnr7kt4800&from=serp&vjs=3
시스템 엔지니어링,NHN,성남 판교역,https://kr.indeed.com/viewjob?jk=2c0226e483779522&tk=1e8dtuqnr7kt4800&from=serp&vjs=3
Senior Full-stack Developer,Asiance,서울,https://kr.indeed.com/viewjob?jk=978edf4ea4db4d6c&tk=1e8dtuqnr7kt4800&from=serp&vjs=3
2018년도 기후변화감시과 공무직 근로자(연구보조원) 장애인 특별,기상청,대한민국,https://kr.indeed.com/viewjob?jk=5e857eb63bf90bea&tk=1e8dtuqnr7kt4800&from=serp&vjs=3
자연어처리전문가 금융챗봇 만들어 갈 엔지니어,파운트,서울 충정로역,https://kr.indeed.com/viewjob?jk=a50fce6cc2cb57c9&tk=1e8dtuqnr7kt4800&from=serp&vjs=3
"[NIT Service] NAVER, LINE 서비스 플랫폼 운영",엔아이티서비스,성남 분당구,https://kr.indeed.com/viewjob?jk=05afd9bcc59da43a&tk=1e8dtuqnr7kt4800&from=serp&vjs=3
Back-end Software Engineer,Bear Robotics,서울,https://kr.indeed.com/viewjob?jk=299b5151a7b83f1d&tk=1e8dtuqnr7kt4800&from=serp&vjs=3
경험최적화파트 - 데이터 사이언티스트/분석가,Nexon,성남 분당구,https://kr.indeed.com/viewjob?jk=c6e0b428a62c7eaa&tk=1e8dtuqnr7kt4800&from=serp&vjs=3
플랫폼 채팅모듈 개발자,Nexon,성남 분당구,https://kr.indeed.com/viewjob?jk=3b752abecf619fe5&tk=1e8dtuqnr7kt4800&from=serp&vjs=3
데이터 사이언티스트 지향하는 데이터 엔지니어,카카오,성남 판교역,https://kr.indeed.com/viewjob?jk=385c58c7ced1d77b&tk=1e8dtuqnr7kt4800&from=serp&vjs=3
클라우드 인프라 운영 담당자 모집,넷마블,서울 구로구,https://kr.indeed.com/viewjob?jk=bcd2f0630e298aa3&tk=1e8dtuqnr7kt4800&from=serp&vjs=3
[모아리포트] 개발팀 / 백엔드 엔지니어,버즈니,서울,https://kr.indeed.com/viewjob?jk=3b8b8e19a432077d&tk=1e8dtuqnr7kt4800&from=serp&vjs=3
[기술기획] [인사/경영지원] 사내시스템 개발자,한국카카오은행,성남 분당구,https://kr.indeed.com/viewjob?jk=f7d997676f80e247&tk=1e8dtuqnr7kt4800&from=serp&vjs=3
Data Engineer (Analytics/Anomaly-detection),LINE Plus corporation,성남 서현역,https://kr.indeed.com/viewjob?jk=4fbc49b63296ff88&tk=1e8dtuqnr7kt4800&from=serp&vjs=3
AI개발팀장 (차장),국내 유명 에듀테크 상장기업,서울 강남구,https://kr.indeed.com/viewjob?jk=ea2fd15223d9f3f7&tk=1e8dtuqnr7kt4800&from=serp&vjs=3
Sr. Quantitative UX Researcher (UX Research),Coupang,서울,https://kr.indeed.com/viewjob?jk=7ec427b3a561228a&tk=1e8dtuqnr7kt4800&from=serp&vjs=3
AI 기반 로봇 서비스 개발 그룹 IT 인프라 구축,그룹 IT 인프라 구축,서울특별시,https://kr.indeed.com/viewjob?jk=d9086035792f01d0&tk=1e8dtuqnr7kt4800&from=serp&vjs=3
콘텐츠서비스개발팀 - 데이터분석가,Nexon,성남 분당구,https://kr.indeed.com/viewjob?jk=b35da47f5e84c9b4&tk=1e8dtuqnr7kt4800&from=serp&vjs=3
Tech U Associate Professional Services Consultant - 2020 Korea,Amazon Web Services Korea LLC,서울,https://kr.indeed.com/viewjob?jk=881a1aa0f0646335&tk=1e8dtuqnr7kt4800&from=serp&vjs=3
Data Engineer,고도소프트,서울 구로구,https://kr.indeed.com/viewjob?jk=68ee194a9d487aac&tk=1e8dtuqnr7kt4800&from=serp&vjs=3
PC플랫폼 운영을 담당할 를 합니다.,Nexon,성남 분당구,https://kr.indeed.com/viewjob?jk=28cde36427979564&tk=1e8dtuqnr7kt4800&from=serp&vjs=3
[ 2020 YG ENTERTAINMENT ] 정보관리 경력 (IT시스템 개발) - 상시 채용,YG 엔터테인먼트,서울 합정동,https://kr.indeed.com/viewjob?jk=dab3f72b35f4bc7e&tk=1e8dtuqnr7kt4800&from=serp&vjs=3
메시지발송 플랫폼 개발자,Nexon,성남 분당구,https://kr.indeed.com/viewjob?jk=eaee1538d8cc832f&tk=1e8dtuqnr7kt4800&from=serp&vjs=3
백엔드 파운트 시스템 엔지니어 (현재 급여수준 이상 보장),파운트,서울 충정로역,https://kr.indeed.com/viewjob?jk=d6c05c588971df5a&tk=1e8dtuqnr7kt4800&from=serp&vjs=3
[직접결제] 개발팀 / 백엔드 엔지니어,버즈니,서울,https://kr.indeed.com/viewjob?jk=6fc4e90d77d06c62&tk=1e8dtuqnr7kt4800&from=serp&vjs=3
[Clova] Clova 서비스 서버 개발 경력사원,네이버,대한민국,https://kr.indeed.com/viewjob?jk=3d99c00c986d2c57&tk=1e8dtuqnr7kt4800&from=serp&vjs=3
네트워크 자동화 개발자,Nexon,성남 분당구,https://kr.indeed.com/viewjob?jk=5ff17b27cd83a1c0&tk=1e8dtuqnr7kt4800&from=serp&vjs=3
(클라우드서비스) 언더클라우드 서버 개발자 모집,카카오엔터프라이즈,성남 삼평동,https://kr.indeed.com/viewjob?jk=ba14be82795fd2e6&tk=1e8dtuqnr7kt4800&from=serp&vjs=3
2020 Market Data Analyst - Seoul (Korean Speaker),Bloomberg,서울,https://kr.indeed.com/viewjob?jk=b3dc36f873b9e4e3&tk=1e8dtuqnr7kt4800&from=serp&vjs=3
2020 Market Data Analyst - Seoul (Korean Speaker),Bloomberg,서울,https://kr.indeed.com/viewjob?jk=b3dc36f873b9e4e3&tk=1e8dtuqnr7kt4800&from=serp&vjs=3
Window Desktop Application Developer (C# / .NET),Bepro Company,서울,https://kr.indeed.com/viewjob?jk=01b7f9d31e668163&tk=1e8dtuqnr7kt4800&from=serp&vjs=3
Frontend Developer (Javascript/React),Bepro Company,서울,https://kr.indeed.com/viewjob?jk=d11342cfe074df78&tk=1e8dtuqnr7kt4800&from=serp&vjs=3
데이터 분석가 (Business Intelligence Analyst),코스닥 상장 중견 게임기업,서울 강남구,https://kr.indeed.com/viewjob?jk=c1037225077ca4da&tk=1e8dtuqnr7kt4800&from=serp&vjs=3
시스템개발팀 경력사원,한화큐셀,서울 중구,https://kr.indeed.com/viewjob?jk=7409a90e80b11855&tk=1e8dtuqnr7kt4800&from=serp&vjs=3
APEC 기후센터 (전산통계 연구원),기상청,대한민국,https://kr.indeed.com/viewjob?jk=88c3cedc8998190f&tk=1e8dtuqnr7kt4800&from=serp&vjs=3
2014년도 국립기상연구소 상반기 연구원(기간제근로자),기상청,대한민국,https://kr.indeed.com/viewjob?jk=5d44907c50ac571d&tk=1e8dtuqnr7kt4800&from=serp&vjs=3
데이터 분석 및 지표 구축,아프리카TV,성남 분당구,https://kr.indeed.com/viewjob?jk=613678e409e8667c&tk=1e8dtuqnr7kt4800&from=serp&vjs=3
[R&D] Industrial ROBOT - S/W 설계 (신입/경력),제우스,경기도 오산,https://kr.indeed.com/viewjob?jk=1f754ccfbef4984e&tk=1e8dtuqnr7kt4800&from=serp&vjs=3
Lead Product Engineer - Liberate,Cadence Design Systems,경기도,https://kr.indeed.com/viewjob?jk=ffac42e32db26233&tk=1e8dtuqnr7kt4800&from=serp&vjs=3
"RF SW Engineer, Senior",Qualcomm,서울,https://kr.indeed.com/viewjob?jk=2a4041f0b6aeb27b&tk=1e8dtuqnr7kt4800&from=serp&vjs=3
검색개발,NHN,성남 판교역,https://kr.indeed.com/viewjob?jk=71e0b966bf1531df&tk=1e8dtuqnr7kt4800&from=serp&vjs=3
[R&D] 연료전지시스템 제어 SW 개발,현대자동차그룹,대한민국,https://kr.indeed.com/viewjob?jk=56072bc50be2b22b&tk=1e8dtuqnr7kt4800&from=serp&vjs=3
(주)넷타겟 Bio-IT 융합 연구소 AI 연구원,넷타겟,대전 유성구,https://kr.indeed.com/viewjob?jk=1701b26651bb739a&tk=1e8dtuqnr7kt4800&from=serp&vjs=3
"Java, Python 영상툴 개발자",에이아이메이커,서울 마곡동,https://kr.indeed.com/viewjob?jk=cae2de07045cfb2b&tk=1e8dtuqnr7kt4800&from=serp&vjs=3
BI 운영 그룹 주력계열사,그룹 주력계열사,서울특별시,https://kr.indeed.com/viewjob?jk=e5098c47e3662580&tk=1e8dtuqnr7kt4800&from=serp&vjs=3
Lead Technical Solutions Engineer,MightyHive,서울,https://kr.indeed.com/viewjob?jk=ae2c6294bc277408&tk=1e8dtuqnr7kt4800&from=serp&vjs=3
데이터 엔지니어,크로스앵글,서울 반포동,https://kr.indeed.com/viewjob?jk=ae15250b0a7f47e0&tk=1e8dtuqnr7kt4800&from=serp&vjs=3
AD Performance Dev,LINE Plus corporation,성남 서현역,https://kr.indeed.com/viewjob?jk=cef60a5a4a42fe95&tk=1e8dtuqnr7kt4800&from=serp&vjs=3
[멜론] 빅데이터 서비스 개발자,카카오,성남 판교역,https://kr.indeed.com/viewjob?jk=3e2a310c9dd0f693&tk=1e8dtuqnr7kt4800&from=serp&vjs=3
[Clova] Clova 서비스 서버 개발 경력사원,네이버,대한민국,https://kr.indeed.com/viewjob?jk=3d99c00c986d2c57&tk=1e8dtuqnr7kt4800&from=serp&vjs=3
[피파온라인4] 소프트웨어 엔지니어,Electronic Arts,서울,https://kr.indeed.com/viewjob?jk=1cf825d234463890&tk=1e8dtuqnr7kt4800&from=serp&vjs=3
"카카오콘 앱(iOS), 서버 경력 개발자",카카오,대한민국,https://kr.indeed.com/viewjob?jk=b9974ad79659bb6d&tk=1e8dtuqnr7kt4800&from=serp&vjs=3
기술 인턴 인공지능 응용 연구/개발 인턴,써로마인드로보틱스,서울 관악구,https://kr.indeed.com/viewjob?jk=71c47ac87bb4087e&tk=1e8dtuqnr7kt4800&from=serp&vjs=3
Data Engineer,토스,서울 강남구,https://kr.indeed.com/viewjob?jk=e01c7ac25340705b&tk=1e8dtuqnr7kt4800&from=serp&vjs=3
"프로그래머 (WEB 프로그래밍, PHP, javascript, python)",씨더스,대전 중구,https://kr.indeed.com/viewjob?jk=6e86e9573ba0a69c&tk=1e8dtuqnr7kt4800&from=serp&vjs=3
Senior Data Scientist (Experiment Platform),레이니스트,서울,https://kr.indeed.com/viewjob?jk=e40f14640ce2f83b&tk=1e8dtuqnr7kt4800&from=serp&vjs=3
Senior Back-End Developer,Asiance,서울,https://kr.indeed.com/viewjob?jk=cdb73ed97e74098a&tk=1e8dtuqnr7kt4800&from=serp&vjs=3
DB 엔지니어 모집(DBA),넷마블,서울 구로구,https://kr.indeed.com/viewjob?jk=613223ed43a69d4f&tk=1e8dtuqnr7kt4800&from=serp&vjs=3
Sr. Quantitative UX Researcher (UX Research),Coupang,서울,https://kr.indeed.com/viewjob?jk=7ec427b3a561228a&tk=1e8dtuqnr7kt4800&from=serp&vjs=3
블록체인인터넷경제연구센터 위촉연구원,광주과학기술원,광주 북구,https://kr.indeed.com/viewjob?jk=3e80435be74cd28f&tk=1e8dtuqnr7kt4800&from=serp&vjs=3
"빅데이터, 인공지능(AI) 외 신입/경력 정규직",thecompany,경상남도,https://kr.indeed.com/viewjob?jk=2b7bc67cebf49cc0&tk=1e8dtuqnr7kt4800&from=serp&vjs=3
Tech U Associate Technical Trainer - 2020 Korea,Amazon Web Services Korea LLC,서울,https://kr.indeed.com/viewjob?jk=a8b83b3070bb370a&tk=1e8dtuqnr7kt4800&from=serp&vjs=3
데이터분석가(게임어뷰징 탐지),Nexon,성남 분당구,https://kr.indeed.com/viewjob?jk=ea3b136c0ff59524&tk=1e8dtuqnr7kt4800&from=serp&vjs=3
Data Specialist (Scientist&&Engineer),아우름플래닛,서울 마포구,https://kr.indeed.com/viewjob?jk=dd4d8e59a4a9265d&tk=1e8dtuqnr7kt4800&from=serp&vjs=3
성균융합원행정실(글로벌융합학부) 촉탁직원(연구원) 채용,성균관대학교,서울,https://kr.indeed.com/viewjob?jk=9072c5e755360b5c&tk=1e8dtuqnr7kt4800&from=serp&vjs=3
2020년 인공지능AI 교육콘텐츠지도사 양성과정 인원,한국여성과학기술인지원센터,서울 강남구,https://kr.indeed.com/viewjob?jk=b5476b58084376a4&tk=1e8dtuqnr7kt4800&from=serp&vjs=3
Global Payment 데이터 분석,LINE Plus corporation,성남 판교역,https://kr.indeed.com/viewjob?jk=498cbbf909edbab6&tk=1e8dtuqnr7kt4800&from=serp&vjs=3
음성인식 엔진 개발 석사 신입,코스닥상장사 / 20년 연혁의 중소기업,서울 금천구,https://kr.indeed.com/viewjob?jk=c44bc9cf803951e3&tk=1e8dtuqnr7kt4800&from=serp&vjs=3
"Principal, Strategic Planning",Coupang,서울,https://kr.indeed.com/viewjob?jk=8b29e16a2f9665f2&tk=1e8dtuqnr7kt4800&from=serp&vjs=3
Senior Specialist Consultant - AI/ML,Amazon Web Services Korea LLC,서울,https://kr.indeed.com/viewjob?jk=b51ca785a45edf17&tk=1e8dtuqnr7kt4800&from=serp&vjs=3
경험최적화파트 - 머신러닝 엔지니어,Nexon,성남 분당구,https://kr.indeed.com/viewjob?jk=7bf179a290a157b2&tk=1e8dtuqnr7kt4800&from=serp&vjs=3
SCM 컨설턴트,KS Consulting,서울,https://kr.indeed.com/viewjob?jk=4bc05e5e53386cae&tk=1e8dtuqnr7kt4800&from=serp&vjs=3
네트워크 자동화 개발자,Nexon,성남 분당구,https://kr.indeed.com/viewjob?jk=5ff17b27cd83a1c0&tk=1e8dtuqnr7kt4800&from=serp&vjs=3
Software Test Engineer for HANA Engine Intelligence Team,SAP,서울,https://kr.indeed.com/viewjob?jk=8aeedb3a2dba74b6&tk=1e8dtuqnr7kt4800&from=serp&vjs=3
소프트웨어개발 신입/경력 계약직,아이앤아이소프트,성남 분당구,https://kr.indeed.com/viewjob?jk=856b50a536c3e74d&tk=1e8dtuqnr7kt4800&from=serp&vjs=3
Senior Business Analysis (Strategic Planning),Coupang,서울,https://kr.indeed.com/viewjob?jk=5f3b7800e776da58&tk=1e8dtuqnr7kt4800&from=serp&vjs=3
데이터 엔지니어 / Data Engineer,Bagelcode,서울,https://kr.indeed.com/viewjob?jk=bd1ad6ca3aba3000&tk=1e8dtuqnr7kt4800&from=serp&vjs=3
Data Scientist III,Amazon Web Services Korea LLC,서울,https://kr.indeed.com/viewjob?jk=67ca30c143379281&tk=1e8dtuqnr7kt4800&from=serp&vjs=3
Data Engineer,하이퍼커넥트,서울,https://kr.indeed.com/viewjob?jk=e0506fe72721e74d&tk=1e8dtuqnr7kt4800&from=serp&vjs=3
Support Engineer _ Azure PaaS,Microsoft,서울,https://kr.indeed.com/viewjob?jk=01bc879744c28f9c&tk=1e8dtuqnr7kt4800&from=serp&vjs=3
메시지발송 플랫폼 개발자,Nexon,성남 분당구,https://kr.indeed.com/viewjob?jk=eaee1538d8cc832f&tk=1e8dtuqnr7kt4800&from=serp&vjs=3
Senior Full-stack Developer,Asiance,서울,https://kr.indeed.com/viewjob?jk=978edf4ea4db4d6c&tk=1e8dtuqnr7kt4800&from=serp&vjs=3
AI개발팀장 (차장),국내 유명 에듀테크 상장기업,서울 강남구,https://kr.indeed.com/viewjob?jk=ea2fd15223d9f3f7&tk=1e8dtuqnr7kt4800&from=serp&vjs=3
2020 Market Data Analyst - Seoul (Korean Speaker),Bloomberg,서울,https://kr.indeed.com/viewjob?jk=b3dc36f873b9e4e3&tk=1e8dtuqnr7kt4800&from=serp&vjs=3
Senior Specialist Consultant - AI/ML,Amazon Web Services Korea LLC,서울,https://kr.indeed.com/viewjob?jk=b51ca785a45edf17&tk=1e8dtuqnr7kt4800&from=serp&vjs=3
Senior Data Scientist (Experiment Platform),레이니스트,서울,https://kr.indeed.com/viewjob?jk=e40f14640ce2f83b&tk=1e8dtuqnr7kt4800&from=serp&vjs=3
주요정보통신기반시설 취약점분석평가 전문인력(경력),한국정보기술단,과천 과천시,https://kr.indeed.com/viewjob?jk=5c60d33a7ca304e1&tk=1e8dtuqnr7kt4800&from=serp&vjs=3
Software Engineer - Real-time Chat Platform,Sendbird,서울,https://kr.indeed.com/viewjob?jk=701b04f0ab18c3d0&tk=1e8dtuqnr7kt4800&from=serp&vjs=3
"Java, Python 영상툴 개발자",에이아이메이커,서울 마곡동,https://kr.indeed.com/viewjob?jk=cae2de07045cfb2b&tk=1e8dtuqnr7kt4800&from=serp&vjs=3
"프론트엔드, 백엔드 외 경력개발자 정규직",디노플러스,서울 강남구,https://kr.indeed.com/viewjob?jk=af4a53fe0b63fce7&tk=1e8dtuqnr7kt4800&from=serp&vjs=3
백엔드 인프라 개발자 (정규직 & 보충역),토이스미스,서울 강남구,https://kr.indeed.com/viewjob?jk=de3e259116aee463&tk=1e8dtuqnr7kt4800&from=serp&vjs=3
"Application Engineer, Sr II",Synopsys,서울,https://kr.indeed.com/viewjob?jk=8c8700db243d1a3c&tk=1e8dtuqnr7kt4800&from=serp&vjs=3
시스템개발팀 경력사원,한화큐셀,서울 중구,https://kr.indeed.com/viewjob?jk=7409a90e80b11855&tk=1e8dtuqnr7kt4800&from=serp&vjs=3
4차 산업혁명 선도인력양성 교육생,멀티캠퍼스,서울 강남구,https://kr.indeed.com/viewjob?jk=e3d0d2bc23f91adb&tk=1e8dtuqnr7kt4800&from=serp&vjs=3
"Principal, Quantitative UX Researcher (UX Research)",Coupang,서울,https://kr.indeed.com/viewjob?jk=c27d03dfa899ae11&tk=1e8dtuqnr7kt4800&from=serp&vjs=3
[Search] 검색 서버 개발 & DevOps 엔지니어 신입/경력사원,네이버,대한민국,https://kr.indeed.com/viewjob?jk=e9e86127df39c006&tk=1e8dtuqnr7kt4800&from=serp&vjs=3
[S/W] Software Engineer for Mobility,현대자동차그룹,대한민국,https://kr.indeed.com/viewjob?jk=f424a57a83e53831&tk=1e8dtuqnr7kt4800&from=serp&vjs=3
WebRTC UC & Collaboration Developer,Ericsson,서울,https://kr.indeed.com/viewjob?jk=41818bc2a8ab8283&tk=1e8dtuqnr7kt4800&from=serp&vjs=3
BI 운영 그룹 주력계열사,그룹 주력계열사,서울특별시,https://kr.indeed.com/viewjob?jk=e5098c47e3662580&tk=1e8dtuqnr7kt4800&from=serp&vjs=3
데이터 사이언티스트 지향하는 데이터 엔지니어,카카오,성남 판교역,https://kr.indeed.com/viewjob?jk=385c58c7ced1d77b&tk=1e8dtuqnr7kt4800&from=serp&vjs=3
[해외취업] AI/BI 엔지니어,유아솔류션즈,대한민국,https://kr.indeed.com/viewjob?jk=e286e08d5582feb3&tk=1e8dtuqnr7kt4800&from=serp&vjs=3
CG Artist,LOCUS,대한민국,https://kr.indeed.com/viewjob?jk=94064c6864564f7b&tk=1e8dtuqnr7kt4800&from=serp&vjs=3
혁신성장 클라우드 아카데미 3기 추가과정 교육생,한국클라우드컴퓨팅연구조합,서울,https://kr.indeed.com/viewjob?jk=e18cb6dfeb545b92&tk=1e8dtuqnr7kt4800&from=serp&vjs=3
Security Engineer (모의해킹/취약점 점검),토스 페이먼츠,서울 강남구,https://kr.indeed.com/viewjob?jk=241ae1e7499c461c&tk=1e8dtuqnr7kt4800&from=serp&vjs=3
게임이상탐지팀 서비스 개발자,Nexon,성남 분당구,https://kr.indeed.com/viewjob?jk=e787fde04b998e1a&tk=1e8dtuqnr7kt4800&from=serp&vjs=3
데이터 엔지니어,크로스앵글,서울 반포동,https://kr.indeed.com/viewjob?jk=ae15250b0a7f47e0&tk=1e8dtuqnr7kt4800&from=serp&vjs=3
Customer Facing Data Scientist,Ever Better Recruitment (EBR),서울,https://kr.indeed.com/viewjob?jk=b06176c3a7092e0a&tk=1e8dtuqnr7kt4800&from=serp&vjs=3
2014년도 국립기상연구소 상반기 연구원(기간제근로자),기상청,대한민국,https://kr.indeed.com/viewjob?jk=5d44907c50ac571d&tk=1e8dtuqnr7kt4800&from=serp&vjs=3
APEC 기후센터 직원,기상청,대한민국,https://kr.indeed.com/viewjob?jk=a5405c883e10ded4&tk=1e8dtuqnr7kt4800&from=serp&vjs=3
"[해외취업] 베리텍, 시스템개발자/응용프로그래머",에임하이글로벌,대한민국,https://kr.indeed.com/viewjob?jk=ad1bf1198b168944&tk=1e8dtuqnr7kt4800&from=serp&vjs=3
Software Engineer - Seoul,"Moloco, Inc.",서울,https://kr.indeed.com/viewjob?jk=4206cd042c6633c1&tk=1e8dtuqnr7kt4800&from=serp&vjs=3
Senior Business Analysis (Strategic Planning),Coupang,서울,https://kr.indeed.com/viewjob?jk=5f3b7800e776da58&tk=1e8dtuqnr7kt4800&from=serp&vjs=3
APEC 기후센터 (전산통계 연구원),기상청,대한민국,https://kr.indeed.com/viewjob?jk=88c3cedc8998190f&tk=1e8dtuqnr7kt4800&from=serp&vjs=3
PC플랫폼 운영을 담당할 를 합니다.,Nexon,성남 분당구,https://kr.indeed.com/viewjob?jk=28cde36427979564&tk=1e8dtuqnr7kt4800&from=serp&vjs=3
파이썬SW 금융분야 특화 챗봇 개발 함께 할 엔지니어,파운트,서울 충정로역,https://kr.indeed.com/viewjob?jk=ffd9cedb23e97344&tk=1e8dtuqnr7kt4800&from=serp&vjs=3
[카카오 클라우드] 클라우드 개발자(Monitoring as a Service),카카오,성남 판교역,https://kr.indeed.com/viewjob?jk=6b65a5a35da64ed3&tk=1e8dtuqnr7kt4800&from=serp&vjs=3
[S/W] Speech Recognition & Synthesis Engineer,현대자동차그룹,대한민국,https://kr.indeed.com/viewjob?jk=fb21ea899c7580fe&tk=1e8dtuqnr7kt4800&from=serp&vjs=3
2020년 인공지능AI 교육콘텐츠지도사 양성과정 인원,한국여성과학기술인지원센터,서울 강남구,https://kr.indeed.com/viewjob?jk=b5476b58084376a4&tk=1e8dtuqnr7kt4800&from=serp&vjs=3
Data Specialist (Scientist&&Engineer),아우름플래닛,서울 마포구,https://kr.indeed.com/viewjob?jk=dd4d8e59a4a9265d&tk=1e8dtuqnr7kt4800&from=serp&vjs=3
DB 엔지니어 모집(DBA),넷마블,서울 구로구,https://kr.indeed.com/viewjob?jk=613223ed43a69d4f&tk=1e8dtuqnr7kt4800&from=serp&vjs=3
Software Test Engineer for HANA Engine Intelligence Team,SAP,서울,https://kr.indeed.com/viewjob?jk=8aeedb3a2dba74b6&tk=1e8dtuqnr7kt4800&from=serp&vjs=3
Data Platform Engineer,토스,서울 강남구,https://kr.indeed.com/viewjob?jk=58776016fbc8665f&tk=1e8dtuqnr7kt4800&from=serp&vjs=3
"Sales Engineer, Sr II",Synopsys,서울,https://kr.indeed.com/viewjob?jk=cb663654c2b397f3&tk=1e8dtuqnr7kt4800&from=serp&vjs=3
데스크탑 가상화(VDI) 엔지니어,카카오,성남 판교역,https://kr.indeed.com/viewjob?jk=530a598184580c95&tk=1e8dtuqnr7kt4800&from=serp&vjs=3
Data Science Engineer (LINE AI Services Lab),LINE Plus corporation,성남 서현역,https://kr.indeed.com/viewjob?jk=339f16c3c77753a7&tk=1e8dtuqnr7kt4800&from=serp&vjs=3
금융그룹사 AI 자연어처리 부문 인공지능 서비스 연구개발,금융그룹사 NLP / Text Mining 연구원 석사 이상,서울,https://kr.indeed.com/viewjob?jk=bd7e666e67507d66&tk=1e8dtuqnr7kt4800&from=serp&vjs=3
TA,제이씨이,성남 분당구,https://kr.indeed.com/viewjob?jk=8eca56448e2574c8&tk=1e8dtuqnr7kt4800&from=serp&vjs=3
데이터 엔지니어 / Data Engineer,Bagelcode,서울,https://kr.indeed.com/viewjob?jk=bd1ad6ca3aba3000&tk=1e8dtuqnr7kt4800&from=serp&vjs=3
[S/W] AI agent QA(Quality Assurance) Engineer,현대자동차그룹,대한민국,https://kr.indeed.com/viewjob?jk=7ef22311fbf5c3c0&tk=1e8dtuqnr7kt4800&from=serp&vjs=3
Developer Advocate,Sendbird,서울,https://kr.indeed.com/viewjob?jk=dc821489255954fd&tk=1e8dtuqnr7kt4800&from=serp&vjs=3
지스트 블록체인인터넷경제연구센터 계약직(연구원),광주과학기술원,광주 북구,https://kr.indeed.com/viewjob?jk=ea5ce8fd0f077539&tk=1e8dtuqnr7kt4800&from=serp&vjs=3
Jr. Backend Developer,Delivery Tech Hero,서울,https://kr.indeed.com/viewjob?jk=d6c27e2108eafb61&tk=1e8dtuqnr7kt4800&from=serp&vjs=3
[Clova] Clova Platform Backend 개발자 경력사원,네이버,대한민국,https://kr.indeed.com/viewjob?jk=79aa0ecba6067f06&tk=1e8dtuqnr7kt4800&from=serp&vjs=3
IT 전문가 양성 교육과정 교육생 (취업연계),인제대학교 산학협력단,경상남도 김해,https://kr.indeed.com/viewjob?jk=30e6b7545e75c949&tk=1e8dtuqnr7kt4800&from=serp&vjs=3
Window Desktop Application Developer (C# / .NET),Bepro Company,서울,https://kr.indeed.com/viewjob?jk=01b7f9d31e668163&tk=1e8dtuqnr7kt4800&from=serp&vjs=3
Frontend Developer (Javascript/React),Bepro Company,서울,https://kr.indeed.com/viewjob?jk=d11342cfe074df78&tk=1e8dtuqnr7kt4800&from=serp&vjs=3
데이터 분석가 (Business Intelligence Analyst),코스닥 상장 중견 게임기업,서울 강남구,https://kr.indeed.com/viewjob?jk=c1037225077ca4da&tk=1e8dtuqnr7kt4800&from=serp&vjs=3
2020 Market Data Analyst - Seoul (Korean Speaker),Bloomberg,서울,https://kr.indeed.com/viewjob?jk=b3dc36f873b9e4e3&tk=1e8dtuqnr7kt4800&from=serp&vjs=3
(클라우드플랫폼) 클라우드 솔루션 아키텍트 모집,카카오엔터프라이즈,성남 삼평동,https://kr.indeed.com/viewjob?jk=c03c273e6121c0e2&tk=1e8dtuqnr7kt4800&from=serp&vjs=3
Data Platform Engineer,토스,서울 강남구,https://kr.indeed.com/viewjob?jk=58776016fbc8665f&tk=1e8dtuqnr7kt4800&from=serp&vjs=3
"Principal, Quantitative UX Researcher (UX Research)",Coupang,서울,https://kr.indeed.com/viewjob?jk=c27d03dfa899ae11&tk=1e8dtuqnr7kt4800&from=serp&vjs=3
Senior Data Engineer,레이니스트,서울,https://kr.indeed.com/viewjob?jk=b43edb92cb44bd28&tk=1e8dtuqnr7kt4800&from=serp&vjs=3
Robot SW Engineer 그룹 IT인프라 구축,그룹 IT인프라 구축,서울특별시,https://kr.indeed.com/viewjob?jk=7c7f6f9c070d78bd&tk=1e8dtuqnr7kt4800&from=serp&vjs=3
Full Stack Developer (Internal Products),토스,서울 강남구,https://kr.indeed.com/viewjob?jk=60c38beac39270b1&tk=1e8dtuqnr7kt4800&from=serp&vjs=3
[국비무료/해외취업] 일본 관광·서비스기업/독일 IT기업 취업연수생,전경련 국제경영원,서울 영등포구,https://kr.indeed.com/viewjob?jk=15a42e1f57cda077&tk=1e8dtuqnr7kt4800&from=serp&vjs=3
[해외취업] S글로벌 디지털컨설팅 법인 소프트웨어 개발자 - 전세계 27개 법인보유,아이씨엔그룹,대한민국,https://kr.indeed.com/viewjob?jk=6314fdeb26eb249f&tk=1e8dtuqnr7kt4800&from=serp&vjs=3
[주식회사 포스코휴먼스][포스코휴먼스] IT지원 신입사원 (서울)_장애인만,포스코휴먼스,서울 대치동,https://kr.indeed.com/viewjob?jk=d03e9e433a3ff3c7&tk=1e8dtuqnr7kt4800&from=serp&vjs=3
기술연구소-연구원,뷰온,서울 금천구,https://kr.indeed.com/viewjob?jk=cd826811aa0f2ab5&tk=1e8dtuqnr7kt4800&from=serp&vjs=3
Back-end Software Engineer,Bear Robotics,서울,https://kr.indeed.com/viewjob?jk=299b5151a7b83f1d&tk=1e8dtuqnr7kt4800&from=serp&vjs=3
PC플랫폼 운영을 담당할 를 합니다.,Nexon,성남 분당구,https://kr.indeed.com/viewjob?jk=28cde36427979564&tk=1e8dtuqnr7kt4800&from=serp&vjs=3
[S/W] AI agent QA(Quality Assurance) Engineer,현대자동차그룹,대한민국,https://kr.indeed.com/viewjob?jk=7ef22311fbf5c3c0&tk=1e8dtuqnr7kt4800&from=serp&vjs=3
인공지능 AI 코딩 전문가 양성과정 (무료/취업),송원대학교산학협력단,광주 서구,https://kr.indeed.com/viewjob?jk=2eed854308f20975&tk=1e8dtuqnr7kt4800&from=serp&vjs=3
Jr. Backend Developer,Delivery Tech Hero,서울,https://kr.indeed.com/viewjob?jk=d6c27e2108eafb61&tk=1e8dtuqnr7kt4800&from=serp&vjs=3
[S/W] Software Engineer for Mobility,현대자동차그룹,대한민국,https://kr.indeed.com/viewjob?jk=f424a57a83e53831&tk=1e8dtuqnr7kt4800&from=serp&vjs=3
Cloud Support Eng. II (Net),Amazon Web Services Korea LLC,서울,https://kr.indeed.com/viewjob?jk=cfdd56fef2ec9c47&tk=1e8dtuqnr7kt4800&from=serp&vjs=3
IT 전문가 양성 교육과정 교육생 (취업연계),인제대학교 산학협력단,경상남도 김해,https://kr.indeed.com/viewjob?jk=30e6b7545e75c949&tk=1e8dtuqnr7kt4800&from=serp&vjs=3
[Search] 음악 추천 AI 기술 개발 신입/경력사원,네이버,대한민국,https://kr.indeed.com/viewjob?jk=6e76f9151e44ad64&tk=1e8dtuqnr7kt4800&from=serp&vjs=3
System Engineer,토스 페이먼츠,서울 강남구,https://kr.indeed.com/viewjob?jk=b00009495def08db&tk=1e8dtuqnr7kt4800&from=serp&vjs=3
[해외취업] AI/BI 엔지니어,유아솔류션즈,대한민국,https://kr.indeed.com/viewjob?jk=e286e08d5582feb3&tk=1e8dtuqnr7kt4800&from=serp&vjs=3
청주기상지청 연구원(기간제 근로자),기상청,대한민국,https://kr.indeed.com/viewjob?jk=9bfff88c34e97018&tk=1e8dtuqnr7kt4800&from=serp&vjs=3
"프론트엔드, 백엔드 외 경력개발자 정규직",디노플러스,서울 강남구,https://kr.indeed.com/viewjob?jk=af4a53fe0b63fce7&tk=1e8dtuqnr7kt4800&from=serp&vjs=3
"유니챌 SW 개발자 (C/C++, Python, Linux)",유니챌,서울 금천구,https://kr.indeed.com/viewjob?jk=dfe05f5ca369a262&tk=1e8dtuqnr7kt4800&from=serp&vjs=3
AR App Engineer,하이퍼커넥트,서울,https://kr.indeed.com/viewjob?jk=f0651a7717791bc3&tk=1e8dtuqnr7kt4800&from=serp&vjs=3
2019년도 기상청 기후과학국 공무직 근로자 (연장),기상청,대한민국,https://kr.indeed.com/viewjob?jk=ead30989fb520963&tk=1e8dtuqnr7kt4800&from=serp&vjs=3
카카오톡 신규 서비스 서버 개발자,카카오,성남 판교역,https://kr.indeed.com/viewjob?jk=de210ffb5a9ee0c4&tk=1e8dtuqnr7kt4800&from=serp&vjs=3
백엔드 개발자 (경력),크로스앵글,서울 반포동,https://kr.indeed.com/viewjob?jk=af5683389907a8c9&tk=1e8dtuqnr7kt4800&from=serp&vjs=3
PDC SW Engineer (R&D Extension),Applied Materials Inc.,경기도 화성,https://kr.indeed.com/viewjob?jk=bd47be8c217b1a6e&tk=1e8dtuqnr7kt4800&from=serp&vjs=3
2019 Military Service Exemption Position Available at the IBS CMCM (Synthetic Organic/Polymer Chemistry OR Theoretical Study of Carbon and Related Materials),울산과학기술원,울산 언양읍,https://kr.indeed.com/viewjob?jk=8becbf73bbda7c96&tk=1e8dtuqnr7kt4800&from=serp&vjs=3
Solutions Architect - Amazon Connect,Amazon Web Services Korea LLC,서울,https://kr.indeed.com/viewjob?jk=5c6723a17ad467f6&tk=1e8dtuqnr7kt4800&from=serp&vjs=3
[Clova] Clova Platform Backend 개발자 경력사원,네이버,대한민국,https://kr.indeed.com/viewjob?jk=79aa0ecba6067f06&tk=1e8dtuqnr7kt4800&from=serp&vjs=3
Mechanical BOP 그룹 유망계열사,그룹 유망계열사,경기도,https://kr.indeed.com/viewjob?jk=ed01bcce65f5abd3&tk=1e8dtuqnr7kt4800&from=serp&vjs=3
TA,제이씨이,성남 분당구,https://kr.indeed.com/viewjob?jk=8eca56448e2574c8&tk=1e8dtuqnr7kt4800&from=serp&vjs=3
Field Data Scientist,Success Korea,경기도,https://kr.indeed.com/viewjob?jk=2892c67308e87f01&tk=1e8dtuqnr7kt4800&from=serp&vjs=3
WebRTC UC & Collaboration Developer,Ericsson,서울,https://kr.indeed.com/viewjob?jk=41818bc2a8ab8283&tk=1e8dtuqnr7kt4800&from=serp&vjs=3
Developer Advocate,Sendbird,서울,https://kr.indeed.com/viewjob?jk=dc821489255954fd&tk=1e8dtuqnr7kt4800&from=serp&vjs=3
Web Developer,태그바이컴퍼니,서울 강남구,https://kr.indeed.com/viewjob?jk=8e97a01120a4b368&tk=1e8dtuqnr7kt4800&from=serp&vjs=3
Machine Learning Engineer (LINE AI Services Lab),LINE Plus corporation,성남 서현역,https://kr.indeed.com/viewjob?jk=ff52e5f9625f8f34&tk=1e8dtuqnr7kt4800&from=serp&vjs=3
인간중심 지능형 시스템 연구실 시간제 연구원,광주과학기술원,광주 북구,https://kr.indeed.com/viewjob?jk=67503f27b0365593&tk=1e8dtuqnr7kt4800&from=serp&vjs=3
인공지능 전문기업 마인즈랩 App Developer,마인즈랩,성남 분당구,https://kr.indeed.com/viewjob?jk=0b26563bca06270f&tk=1e8dtuqnr7kt4800&from=serp&vjs=3
연구원(기간제 근로자),기상청,대한민국,https://kr.indeed.com/viewjob?jk=777228e9d501aaa4&tk=1e8dtuqnr7kt4800&from=serp&vjs=3
"Specialist Solutions Architect III, AI/ML",Amazon Web Services Korea LLC,서울,https://kr.indeed.com/viewjob?jk=2625bdacef9c5d08&tk=1e8dtuqnr7kt4800&from=serp&vjs=3
DevOps Engineer,하이퍼커넥트,서울,https://kr.indeed.com/viewjob?jk=3d8e270a47a88295&tk=1e8dtuqnr7kt4800&from=serp&vjs=3
지스트 블록체인인터넷경제연구센터 계약직(연구원),광주과학기술원,광주 북구,https://kr.indeed.com/viewjob?jk=ea5ce8fd0f077539&tk=1e8dtuqnr7kt4800&from=serp&vjs=3
웹 애플리케이션 개발자,Nexon,성남 분당구,https://kr.indeed.com/viewjob?jk=c78a3c5d7bb7d883&tk=1e8dtuqnr7kt4800&from=serp&vjs=3
Technical Trainer - Amazon Web Services,Amazon Web Services Korea LLC,서울,https://kr.indeed.com/viewjob?jk=f044d9361c664f80&tk=1e8dtuqnr7kt4800&from=serp&vjs=3
[KSTEC] RPA 시스템 개발 경력사원,지식시스템,성남 분당구,https://kr.indeed.com/viewjob?jk=cbad561994e47d94&tk=1e8dtuqnr7kt4800&from=serp&vjs=3
검색서비스 서버 개발 신입/경력,포티투마루,서울 관악구,https://kr.indeed.com/viewjob?jk=e010f7780d479126&tk=1e8dtuqnr7kt4800&from=serp&vjs=3
qe 소프트웨어 엔지니어,에이치알 코리아,대한민국,https://kr.indeed.com/viewjob?jk=85687b250386c4be&tk=1e8dtuqnr7kt4800&from=serp&vjs=3
Window Desktop Application Developer (C# / .NET),Bepro Company,서울,https://kr.indeed.com/viewjob?jk=01b7f9d31e668163&tk=1e8dtuqnr7kt4800&from=serp&vjs=3
Frontend Developer (Javascript/React),Bepro Company,서울,https://kr.indeed.com/viewjob?jk=d11342cfe074df78&tk=1e8dtuqnr7kt4800&from=serp&vjs=3
데이터 분석가 (Business Intelligence Analyst),코스닥 상장 중견 게임기업,서울 강남구,https://kr.indeed.com/viewjob?jk=c1037225077ca4da&tk=1e8dtuqnr7kt4800&from=serp&vjs=3
2020 Market Data Analyst - Seoul (Korean Speaker),Bloomberg,서울,https://kr.indeed.com/viewjob?jk=b3dc36f873b9e4e3&tk=1e8dtuqnr7kt4800&from=serp&vjs=3
[인재풀] Central Development Services,Electronic Arts,서울,https://kr.indeed.com/viewjob?jk=d9a8d22b38653d34&tk=1e8dtuqnr7kt4800&from=serp&vjs=3
[Search] 네이버 웹검색 연구/개발 경력사원,네이버,대한민국,https://kr.indeed.com/viewjob?jk=37127548f83bb7f7&tk=1e8dtuqnr7kt4800&from=serp&vjs=3
Solution Architect,Kinaxis,서울,https://kr.indeed.com/viewjob?jk=606646e13ad5c569&tk=1e8dtuqnr7kt4800&from=serp&vjs=3
챗봇 서비스 - DM 및 시나리오 개발자,에스케이플래닛,성남 분당구,https://kr.indeed.com/viewjob?jk=c62caccf8ea03640&tk=1e8dtuqnr7kt4800&from=serp&vjs=3
[던전앤파이터] 2D/3D 그래픽 기술개발 부문 (TA/엔진프로그래머/툴 프로그래머),네오플,서울 강남구,https://kr.indeed.com/viewjob?jk=ed8f2d4e613fb977&tk=1e8dtuqnr7kt4800&from=serp&vjs=3
웹프로그래머 (FrontEnd) 기업부설연구소 연구원 #python #js #FullStack #모바일,넥스텝코리아,서울 용산구,https://kr.indeed.com/viewjob?jk=13da7e1ea8120745&tk=1e8dtuqnr7kt4800&from=serp&vjs=3
Web 개발(이커머스 파트)_PHP/CodeIgniter/Javascript,버드뷰,서울 마포구,https://kr.indeed.com/viewjob?jk=3292e81e43884c67&tk=1e8dtuqnr7kt4800&from=serp&vjs=3
인프라 플랫폼 개발자,고도소프트,서울 구로구,https://kr.indeed.com/viewjob?jk=2b1c5b35b97700fc&tk=1e8dtuqnr7kt4800&from=serp&vjs=3
MySQL 운영 및 개발 DBA (경력),네오위즈,대한민국,https://kr.indeed.com/viewjob?jk=3be9c091be0a88a8&tk=1e8dtuqnr7kt4800&from=serp&vjs=3
Data Platform Engineer,토스 증권,서울 강남구,https://kr.indeed.com/viewjob?jk=8a3959ab234e83de&tk=1e8dtuqnr7kt4800&from=serp&vjs=3
2019년도 기후과학국 공무직 근로자,기상청,대한민국,https://kr.indeed.com/viewjob?jk=feef527463fcc0ad&tk=1e8dtuqnr7kt4800&from=serp&vjs=3
Cloud Support Eng. II (DMS),Amazon Web Services Korea LLC,서울,https://kr.indeed.com/viewjob?jk=7f38721257646550&tk=1e8dtuqnr7kt4800&from=serp&vjs=3
서울 강남구 인썸니아 시니어 개발자 및 퍼블리셔,인썸니아,서울 서초구,https://kr.indeed.com/viewjob?jk=6c1d50662fa2d7f7&tk=1e8dtuqnr7kt4800&from=serp&vjs=3
Sales Engineer (APAC),Sendbird,서울,https://kr.indeed.com/viewjob?jk=e38f22d6852a857a&tk=1e8dtuqnr7kt4800&from=serp&vjs=3
"드론 데이터 스타트업, 엔젤스윙 엔지니어",엔젤스윙,서울 관악구,https://kr.indeed.com/viewjob?jk=d017610d9828199c&tk=1e8dtuqnr7kt4800&from=serp&vjs=3
[ADOP/2년 연속 청년친화강소] Ad platform Developer,애드오피,서울 강남구,https://kr.indeed.com/viewjob?jk=934ef372363794c8&tk=1e8dtuqnr7kt4800&from=serp&vjs=3
"금융대기업(연구센터) Data Scientist 채용, 석사이상",외국계 금융사,서울 강남구,https://kr.indeed.com/viewjob?jk=fa62a32d9bf2f58e&tk=1e8dtuqnr7kt4800&from=serp&vjs=3
(Search) 쇼핑검색 AI 기술 개발 신입/경력사원 모집,NAVER,성남 정자동,https://kr.indeed.com/viewjob?jk=924d1be5b05890da&tk=1e8dtuqnr7kt4800&from=serp&vjs=3
BI(Business Information) 시스템 운영 및 데이터 분석 - 온라인 광고회사,HR킴벌리,서울 강남구,https://kr.indeed.com/viewjob?jk=4a6fac3fd55d847f&tk=1e8dtuqnr7kt4800&from=serp&vjs=3
(IT인프라) 보안팀 엔지니어,크래프톤,성남 백현동,https://kr.indeed.com/viewjob?jk=91d6041cfb272f25&tk=1e8dtuqnr7kt4800&from=serp&vjs=3
Security Developer (보안 개발자),토스,서울 강남구,https://kr.indeed.com/viewjob?jk=857aced59dd116dd&tk=1e8dtuqnr7kt4800&from=serp&vjs=3
[Search] 쇼핑검색 AI 기술 개발 신입/경력사원,네이버,대한민국,https://kr.indeed.com/viewjob?jk=faf0422473d4188a&tk=1e8dtuqnr7kt4800&from=serp&vjs=3
DevOps Consultant - Professional Services,Amazon Web Services Korea LLC,서울,https://kr.indeed.com/viewjob?jk=204308e277d085e3&tk=1e8dtuqnr7kt4800&from=serp&vjs=3
Cloud Solution Architect (Azure Apps and Infra),Microsoft,서울,https://kr.indeed.com/viewjob?jk=3e1c8b106e9c3888&tk=1e8dtuqnr7kt4800&from=serp&vjs=3
"[R0001563] Principal, Back-end Engineer (SCM Insights)",Coupang,서울,https://kr.indeed.com/viewjob?jk=f59ae6a493eec795&tk=1e8dtuqnr7kt4800&from=serp&vjs=3
"(주)트윔 개발자(경력직) 빅데이터,영상처리,머신비전/AI 딥러닝",트윔,경기도 화성,https://kr.indeed.com/viewjob?jk=36a2af333271978e&tk=1e8dtuqnr7kt4800&from=serp&vjs=3
(주)NDSOFT 2020년 개발자,엔디소프트,부산 해운대구,https://kr.indeed.com/viewjob?jk=9c9a44b95e58b706&tk=1e8dtuqnr7kt4800&from=serp&vjs=3
TOAST Cloud 사업기획/영업,NHN,성남 판교역,https://kr.indeed.com/viewjob?jk=6b86ea39985912b6&tk=1e8dtuqnr7kt4800&from=serp&vjs=3
2020년 센서기반 디지털 사이니지 전문인력양성교육,전주정보문화산업진흥원,전라북도 고창,https://kr.indeed.com/viewjob?jk=13c162041149c4f7&tk=1e8dtuqnr7kt4800&from=serp&vjs=3
글로벌&모바일 플랫폼 운영을 담당할 를 합니다.,Nexon,성남 분당구,https://kr.indeed.com/viewjob?jk=281fb1cb3dff0cf8&tk=1e8dtuqnr7kt4800&from=serp&vjs=3
"Principal, Business Analysis (eCommerce Finance)",Coupang,서울,https://kr.indeed.com/viewjob?jk=1ea7188c1b87f679&tk=1e8dtuqnr7kt4800&from=serp&vjs=3
Customer Facing Data Scientist,Ever Better Recruitment (EBR),서울,https://kr.indeed.com/viewjob?jk=b06176c3a7092e0a&tk=1e8dtuqnr7kt4800&from=serp&vjs=3
데이터 분석가 / Business Analyst,Bagelcode,서울,https://kr.indeed.com/viewjob?jk=f10477b81840d778&tk=1e8dtuqnr7kt4800&from=serp&vjs=3
[대형보험사] 데이터 분석가 (대리~차장급),커리어라임즈,서울,https://kr.indeed.com/viewjob?jk=de8cadea16d4318a&tk=1e8dtuqnr7kt4800&from=serp&vjs=3
Junior and/or Senior S/W Engineers for Cassandra NoSQL Services,Success Korea,서울,https://kr.indeed.com/viewjob?jk=c495ae06620d2544&tk=1e8dtuqnr7kt4800&from=serp&vjs=3
[해외취업] IT엔지니어,유아솔류션즈,대한민국,https://kr.indeed.com/viewjob?jk=fd0e5f5aa2592df1&tk=1e8dtuqnr7kt4800&from=serp&vjs=3
"[R0002058] Principal, Front-end Engineer (Flex)",Coupang,서울,https://kr.indeed.com/viewjob?jk=fd2442c05671c683&tk=1e8dtuqnr7kt4800&from=serp&vjs=3
Software Engineer - Back-end Web,Sendbird,서울,https://kr.indeed.com/viewjob?jk=615168b399422305&tk=1e8dtuqnr7kt4800&from=serp&vjs=3
Data Analyst (대리-차장),국내 대기업,서울,https://kr.indeed.com/viewjob?jk=373df7f9af58b598&tk=1e8dtuqnr7kt4800&from=serp&vjs=3
AI 기반 로봇 서비스 개발 그룹 IT 인프라 구축,그룹 IT 인프라 구축,서울특별시,https://kr.indeed.com/viewjob?jk=d9086035792f01d0&tk=1e8dtuqnr7kt4800&from=serp&vjs=3
TOAST Cloud 운영 및 기술지원,NHN,성남 판교역,https://kr.indeed.com/viewjob?jk=ad07d6a330fb619a&tk=1e8dtuqnr7kt4800&from=serp&vjs=3
4차산업선도인력 빅데이터-IoT 국비지원 교육생,비트컴퓨터,서울 강남구,https://kr.indeed.com/viewjob?jk=a8f2de7c03aa263c&tk=1e8dtuqnr7kt4800&from=serp&vjs=3
2016년도 상반기 국립기상과학원 기간제근로자(소프트웨어기사),기상청,대한민국,https://kr.indeed.com/viewjob?jk=0ff60b682d4582cd&tk=1e8dtuqnr7kt4800&from=serp&vjs=3
DGIST 제2차 계약직 연구원 채용공고,대구경북과학기술원,대구 현풍면,https://kr.indeed.com/viewjob?jk=2cfd15907402c5cc&tk=1e8dtuqnr7kt4800&from=serp&vjs=3
"글로벌 플랫폼 쉴드 개발(인증보안,이상결제,평판 등)",Nexon,성남 분당구,https://kr.indeed.com/viewjob?jk=07f425a9fb3ee67b&tk=1e8dtuqnr7kt4800&from=serp&vjs=3
SI 프로젝트 개발자 (계약직 및 프리랜서),케이포시큐리티,서울 구로구,https://kr.indeed.com/viewjob?jk=ee5df99ada829d81&tk=1e8dtuqnr7kt4800&from=serp&vjs=3
[대형보험사] 딥러닝 엔지니어 (대리~차장급),커리어라임즈,서울,https://kr.indeed.com/viewjob?jk=9625664d163fc237&tk=1e8dtuqnr7kt4800&from=serp&vjs=3
빅데이터분석 신입 및 경력직원,와이즈인컴퍼니,서울 강남구,https://kr.indeed.com/viewjob?jk=77ff926c2dc1d373&tk=1e8dtuqnr7kt4800&from=serp&vjs=3
게임분석 담당자 (신입/경력),더블유게임즈,서울 강남구,https://kr.indeed.com/viewjob?jk=fd0ae44d58d1b95d&tk=1e8dtuqnr7kt4800&from=serp&vjs=3
O2O Platform Backend 개발자,에이치에너지,서울 강남구,https://kr.indeed.com/viewjob?jk=6e8017195f641e67&tk=1e8dtuqnr7kt4800&from=serp&vjs=3
Window Desktop Application Developer (C# / .NET),Bepro Company,서울,https://kr.indeed.com/viewjob?jk=01b7f9d31e668163&tk=1e8dtuqnr7kt4800&from=serp&vjs=3
Frontend Developer (Javascript/React),Bepro Company,서울,https://kr.indeed.com/viewjob?jk=d11342cfe074df78&tk=1e8dtuqnr7kt4800&from=serp&vjs=3
데이터 분석가 (Business Intelligence Analyst),코스닥 상장 중견 게임기업,서울 강남구,https://kr.indeed.com/viewjob?jk=c1037225077ca4da&tk=1e8dtuqnr7kt4800&from=serp&vjs=3
2020 Market Data Analyst - Seoul (Korean Speaker),Bloomberg,서울,https://kr.indeed.com/viewjob?jk=b3dc36f873b9e4e3&tk=1e8dtuqnr7kt4800&from=serp&vjs=3
Senior Data Scientist - AWS Professional Services Korea,Amazon Web Services Korea LLC,서울,https://kr.indeed.com/viewjob?jk=8571cb1e9639cccf&tk=1e8dtuqnr7kt4800&from=serp&vjs=3
Cloud Support Engineer (Dep),Amazon Web Services Korea LLC,서울,https://kr.indeed.com/viewjob?jk=9e813356712bbe78&tk=1e8dtuqnr7kt4800&from=serp&vjs=3
"[NIT Service] NAVER, LINE 서비스 플랫폼 운영",엔아이티서비스,성남 분당구,https://kr.indeed.com/viewjob?jk=05afd9bcc59da43a&tk=1e8dtuqnr7kt4800&from=serp&vjs=3
2018년 제2차 기상레이더센터 연구원(장애인) 특별,기상청,대한민국,https://kr.indeed.com/viewjob?jk=291d2e4cf213dbf2&tk=1e8dtuqnr7kt4800&from=serp&vjs=3
한글 Q&A 시스템 연구 개발 신입/경력사원,포티투마루,서울 관악구,https://kr.indeed.com/viewjob?jk=6f88041c28b6c1ae&tk=1e8dtuqnr7kt4800&from=serp&vjs=3
Server Engineering Manager,레이니스트,서울,https://kr.indeed.com/viewjob?jk=35b6381bfc05576b&tk=1e8dtuqnr7kt4800&from=serp&vjs=3
기상레이더센터 연구원 및 전문연구요원,기상청,대한민국,https://kr.indeed.com/viewjob?jk=adc5f21e822bd765&tk=1e8dtuqnr7kt4800&from=serp&vjs=3
Back-end Developer,"Miso, inc",서울,https://kr.indeed.com/viewjob?jk=80d3108dade97b0f&tk=1e8dtuqnr7kt4800&from=serp&vjs=3
Frontend/Backend 개발(Full Stack),Xinapse,서울 강남구,https://kr.indeed.com/viewjob?jk=1eba3075433f76da&tk=1e8dtuqnr7kt4800&from=serp&vjs=3
2018년도 국가기상위성센터 공무직근로자(연구원),기상청,대한민국,https://kr.indeed.com/viewjob?jk=2e5be9df5ff36dbd&tk=1e8dtuqnr7kt4800&from=serp&vjs=3
[공통기술부문] 침해대응 및 보안위협 분석 담당자,우아한 형제들,서울 송파구,https://kr.indeed.com/viewjob?jk=a3bb896b96ab1c78&tk=1e8dtuqnr7kt4800&from=serp&vjs=3
[해외취업] 고급 IT 엔지니어,株式会社ASCOM,대한민국,https://kr.indeed.com/viewjob?jk=1a33a9c8b9904546&tk=1e8dtuqnr7kt4800&from=serp&vjs=3
[배민서비스실] 검색서비스 개발자,우아한 형제들,서울 송파구,https://kr.indeed.com/viewjob?jk=1241d1e756b15ce4&tk=1e8dtuqnr7kt4800&from=serp&vjs=3
Surfacing,Mofac,서울 서초구,https://kr.indeed.com/viewjob?jk=2e7b4cdaddc82b04&tk=1e8dtuqnr7kt4800&from=serp&vjs=3
Junior and/or Senior Engineers for MySQLDatabase Services,Success Korea,서울,https://kr.indeed.com/viewjob?jk=882ce3f45214f1b1&tk=1e8dtuqnr7kt4800&from=serp&vjs=3
웹 개발자 채용,꿈꾸는다락방,서울 공덕동,https://kr.indeed.com/viewjob?jk=3cc6771ec537db8c&tk=1e8dtuqnr7kt4800&from=serp&vjs=3
기상청(국가태풍센터) 공무직 근로자 (연장),기상청,대한민국,https://kr.indeed.com/viewjob?jk=63bdecb9b80a7ff0&tk=1e8dtuqnr7kt4800&from=serp&vjs=3
"서버응용(WAS) 개발 외 JSP, Java, JavaScript 신입/경력 정규직",베가웍스,세종특별자치시,https://kr.indeed.com/viewjob?jk=7ba299372085ae8b&tk=1e8dtuqnr7kt4800&from=serp&vjs=3
데이터 플랫폼 개발,NHN PAYCO,성남 판교역,https://kr.indeed.com/viewjob?jk=a65baa1929f29393&tk=1e8dtuqnr7kt4800&from=serp&vjs=3
기간제 근로자,기상청,대한민국,https://kr.indeed.com/viewjob?jk=f63f8e25ab52a806&tk=1e8dtuqnr7kt4800&from=serp&vjs=3
[카카오 클라우드] 플랫폼 포털 개발자,카카오,성남 판교역,https://kr.indeed.com/viewjob?jk=383d4c8a7156b52b&tk=1e8dtuqnr7kt4800&from=serp&vjs=3
[KSTEC] 2020년 신입 및 경력 채용 (SW개발자),지식시스템(주) 관심기업 IBK추천,성남 삼평동,https://kr.indeed.com/viewjob?jk=9d402790b29c351e&tk=1e8dtuqnr7kt4800&from=serp&vjs=3
얼굴모션 캡처기술 인공지능(AI) 연구개발 전문기업,인공지능(AI) 연구개발 전문기업,경기도,https://kr.indeed.com/viewjob?jk=4fa50f2ffd370bae&tk=1e8dtuqnr7kt4800&from=serp&vjs=3
[수시] ESTsecurity 서버/백엔드 개발 (경력),ESTsecurity,서울 서초구,https://kr.indeed.com/viewjob?jk=a22d7b630bff33ea&tk=1e8dtuqnr7kt4800&from=serp&vjs=3
Senior System Engineer,레이니스트,서울,https://kr.indeed.com/viewjob?jk=a8b322f38b3412c5&tk=1e8dtuqnr7kt4800&from=serp&vjs=3
바디모션 캡처기술 인공지능(AI) 연구개발 전문기업,인공지능(AI) 연구개발 전문기업,경기도,https://kr.indeed.com/viewjob?jk=8925ce6bab9d00d6&tk=1e8dtuqnr7kt4800&from=serp&vjs=3
[어니컴(주)] 데이터 분석가 경력직,어니컴,서울 중구,https://kr.indeed.com/viewjob?jk=aca0eb99fec4ee19&tk=1e8dtuqnr7kt4800&from=serp&vjs=3
개발팀(Software 개발),다원메닥스,서울 서초구,https://kr.indeed.com/viewjob?jk=a67770cd53c79fd4&tk=1e8dtuqnr7kt4800&from=serp&vjs=3
Sr. Back-end Engineer (SCM Systems),Coupang,서울,https://kr.indeed.com/viewjob?jk=e541375257c12d9b&tk=1e8dtuqnr7kt4800&from=serp&vjs=3
AI Algorithm Developer,펄핏,서울 강남구,https://kr.indeed.com/viewjob?jk=88b7dece067cd1c6&tk=1e8dtuqnr7kt4800&from=serp&vjs=3
[경력직 ] AI 시스템 풀스택 웹 개발자,마인즈랩,성남 분당구,https://kr.indeed.com/viewjob?jk=f3b7d5dec9ee579f&tk=1e8dtuqnr7kt4800&from=serp&vjs=3
[기술기획] DevOps 시스템 개발자,한국카카오은행,성남 분당구,https://kr.indeed.com/viewjob?jk=0479e1dd17962e77&tk=1e8dtuqnr7kt4800&from=serp&vjs=3
Backend Developer(Python or Java),Success Korea,서울,https://kr.indeed.com/viewjob?jk=3383326062c40ec2&tk=1e8dtuqnr7kt4800&from=serp&vjs=3
Back-end 개발 (신입/경력),SK엔카닷컴 관심기업 기관선정,서울 순화동,https://kr.indeed.com/viewjob?jk=bbe688a4f3a1a2e7&tk=1e8dtuqnr7kt4800&from=serp&vjs=3
디지털 트윈 / Web-XR 개발 (SW),클레이웍스(주),서울 충무로역,https://kr.indeed.com/viewjob?jk=0056aa891a04f264&tk=1e8dtuqnr7kt4800&from=serp&vjs=3
GNI 소프트웨어 개발자,KAN,울산 북구,https://kr.indeed.com/viewjob?jk=b2ebc1da56d8b120&tk=1e8dtuqnr7kt4800&from=serp&vjs=3
인프라 플랫폼 개발자,NHN godo,서울 구로구,https://kr.indeed.com/viewjob?jk=c8a7c9c4022a3544&tk=1e8dtuqnr7kt4800&from=serp&vjs=3
[경력] 빅데이터 플랫폼 엔지니어,카카오,성남 판교역,https://kr.indeed.com/viewjob?jk=61ecdc0ef3cfb66a&tk=1e8dtuqnr7kt4800&from=serp&vjs=3
Senior Server Engineer,레이니스트,서울,https://kr.indeed.com/viewjob?jk=0775a7b8bbca016c&tk=1e8dtuqnr7kt4800&from=serp&vjs=3
2019년 기상청 국가태풍센터 공무직 근로자,기상청,대한민국,https://kr.indeed.com/viewjob?jk=e90ef9824373624d&tk=1e8dtuqnr7kt4800&from=serp&vjs=3
[삼성청년SW아카데미] 프로젝트 컨설턴트 (멀티캠퍼스),멀티캠퍼스,경상북도 구미,https://kr.indeed.com/viewjob?jk=1a642e02295c816d&tk=1e8dtuqnr7kt4800&from=serp&vjs=3
협업도구 및 코드관리도구 운영담당자 (경력),카카오,성남 판교역,https://kr.indeed.com/viewjob?jk=62bedb52fadedd74&tk=1e8dtuqnr7kt4800&from=serp&vjs=3
[수시] ZUM 데이터 엔지니어 (경력),zum,서울 서초구,https://kr.indeed.com/viewjob?jk=0b06569e20a009f7&tk=1e8dtuqnr7kt4800&from=serp&vjs=3
"기술연구소 정규직 연력(Java, C++, Python, 기타).",파인씨앤아이,서울 송파구,https://kr.indeed.com/viewjob?jk=68117cedea15bc83&tk=1e8dtuqnr7kt4800&from=serp&vjs=3
"클라우드 서비스 개발자 중급(IaaS, PaaS)",SW개발전문회사,서울 목동,https://kr.indeed.com/viewjob?jk=1fdd2097265e288f&tk=1e8dtuqnr7kt4800&from=serp&vjs=3
DGIST 2019년 제1차 계약직원 공개채용 공고,대구경북과학기술원,대구 현풍면,https://kr.indeed.com/viewjob?jk=4cd34228af5013fd&tk=1e8dtuqnr7kt4800&from=serp&vjs=3
퍼즐데이터 역량있는 데이터 분석가,주식회사퍼즐데이터,서울 역삼동,https://kr.indeed.com/viewjob?jk=116009dbf59211ed&tk=1e8dtuqnr7kt4800&from=serp&vjs=3
빅데이터 플랫폼 운영 (HBase엔지니어),LINE Plus corporation,성남 서현역,https://kr.indeed.com/viewjob?jk=d67619b2f9558d16&tk=1e8dtuqnr7kt4800&from=serp&vjs=3
Android Software Engineer,하이퍼커넥트,서울,https://kr.indeed.com/viewjob?jk=ecc4154e1f4d28a8&tk=1e8dtuqnr7kt4800&from=serp&vjs=3
SW개발자 0명 자동화 산업장비 제조업,자동화 산업장비 제조업,대한민국,https://kr.indeed.com/viewjob?jk=80e215cfdccb251c&tk=1e8dtuqnr7kt4800&from=serp&vjs=3
Window Desktop Application Developer (C# / .NET),Bepro Company,서울,https://kr.indeed.com/viewjob?jk=01b7f9d31e668163&tk=1e8dtuqnr7kt4800&from=serp&vjs=3
Frontend Developer (Javascript/React),Bepro Company,서울,https://kr.indeed.com/viewjob?jk=d11342cfe074df78&tk=1e8dtuqnr7kt4800&from=serp&vjs=3
2020 Market Data Analyst - Seoul (Korean Speaker),Bloomberg,서울,https://kr.indeed.com/viewjob?jk=b3dc36f873b9e4e3&tk=1e8dtuqnr7kt4800&from=serp&vjs=3
빅데이터 플랫폼 운영 (HBase엔지니어),LINE Plus corporation,성남 서현역,https://kr.indeed.com/viewjob?jk=d67619b2f9558d16&tk=1e8dtuqnr7kt4800&from=serp&vjs=3
인프라 플랫폼 개발자,NHN godo,서울 구로구,https://kr.indeed.com/viewjob?jk=c8a7c9c4022a3544&tk=1e8dtuqnr7kt4800&from=serp&vjs=3
기간제 근로자,기상청,대한민국,https://kr.indeed.com/viewjob?jk=f63f8e25ab52a806&tk=1e8dtuqnr7kt4800&from=serp&vjs=3
정규직) 안드로이드 앱 개발자 경력직 -3년이상,이퓨인터내셔널,서울 강남구,https://kr.indeed.com/viewjob?jk=08d7040dbee60635&tk=1e8dtuqnr7kt4800&from=serp&vjs=3
2019년 기상청 국가태풍센터 공무직 근로자,기상청,대한민국,https://kr.indeed.com/viewjob?jk=e90ef9824373624d&tk=1e8dtuqnr7kt4800&from=serp&vjs=3
Software Engineer in Testing for SAP HANA Cloud Databases and Data Virtualization,SAP,서울,https://kr.indeed.com/viewjob?jk=0b9a231d4a1d649d&tk=1e8dtuqnr7kt4800&from=serp&vjs=3
지스트 블록체인경제센터 계약직연구원,광주과학기술원,광주 북구,https://kr.indeed.com/viewjob?jk=a7c68eba65a950aa&tk=1e8dtuqnr7kt4800&from=serp&vjs=3
2019년 기상청 국가태풍센터 공무직 근로자 (연장),기상청,대한민국,https://kr.indeed.com/viewjob?jk=e62bb1a22d09c5d5&tk=1e8dtuqnr7kt4800&from=serp&vjs=3
커머스 플랫폼 개발 (데이터 엔지니어),LINE Plus corporation,성남 서현역,https://kr.indeed.com/viewjob?jk=b245cdab72782813&tk=1e8dtuqnr7kt4800&from=serp&vjs=3
"Principal, Supply Chain Management(Inventory Planning Control)",Coupang,서울,https://kr.indeed.com/viewjob?jk=576ead69fc50c3e5&tk=1e8dtuqnr7kt4800&from=serp&vjs=3
2016년도 상반기 국립기상과학원 기간제근로자(소프트웨어기사),기상청,대한민국,https://kr.indeed.com/viewjob?jk=0ff60b682d4582cd&tk=1e8dtuqnr7kt4800&from=serp&vjs=3
기상청(국가태풍센터) 공무직 근로자 (연장),기상청,대한민국,https://kr.indeed.com/viewjob?jk=63bdecb9b80a7ff0&tk=1e8dtuqnr7kt4800&from=serp&vjs=3
"기술연구소 정규직 연력(Java, C++, Python, 기타) 및 ERP 개발인력",파인씨앤아이,서울,https://kr.indeed.com/viewjob?jk=ff99efe4f7f952d7&tk=1e8dtuqnr7kt4800&from=serp&vjs=3
SW개발자 0명 자동화 산업장비 제조업,자동화 산업장비 제조업,대한민국,https://kr.indeed.com/viewjob?jk=80e215cfdccb251c&tk=1e8dtuqnr7kt4800&from=serp&vjs=3
Data Scientist (Analytics Modeling Expert),Success Korea,서울,https://kr.indeed.com/viewjob?jk=10530ea7d98370b7&tk=1e8dtuqnr7kt4800&from=serp&vjs=3
FX,Mofac,서울 서초구,https://kr.indeed.com/viewjob?jk=9214061c8bc345b2&tk=1e8dtuqnr7kt4800&from=serp&vjs=3
"기술연구소 정규직 연력(Java, C++, Python, 기타).",파인씨앤아이,서울 송파구,https://kr.indeed.com/viewjob?jk=68117cedea15bc83&tk=1e8dtuqnr7kt4800&from=serp&vjs=3
[기술기획] DevOps 시스템 개발자,한국카카오은행,성남 분당구,https://kr.indeed.com/viewjob?jk=0479e1dd17962e77&tk=1e8dtuqnr7kt4800&from=serp&vjs=3
[공통기술부문] 침해대응 및 보안위협 분석 담당자,우아한 형제들,서울 송파구,https://kr.indeed.com/viewjob?jk=a3bb896b96ab1c78&tk=1e8dtuqnr7kt4800&from=serp&vjs=3
"[정규직]개발자(수집시스템개발, 카피킬러서비스운영)채용",㈜무하유는,대한민국,https://kr.indeed.com/viewjob?jk=37aebf847064b980&tk=1e8dtuqnr7kt4800&from=serp&vjs=3
Java Backend Software Engineer,하이퍼커넥트,서울,https://kr.indeed.com/viewjob?jk=248f25cc0416aa37&tk=1e8dtuqnr7kt4800&from=serp&vjs=3
Technical Program Manager - AWS Academy,Amazon Web Services Korea LLC,서울,https://kr.indeed.com/viewjob?jk=b85e09230ff6ba98&tk=1e8dtuqnr7kt4800&from=serp&vjs=3
"드론 데이터 스타트업, 엔젤스윙 엔지니어",엔젤스윙,서울 관악구,https://kr.indeed.com/viewjob?jk=d017610d9828199c&tk=1e8dtuqnr7kt4800&from=serp&vjs=3
[경력직 ] AI 시스템 풀스택 웹 개발자,마인즈랩,성남 분당구,https://kr.indeed.com/viewjob?jk=f3b7d5dec9ee579f&tk=1e8dtuqnr7kt4800&from=serp&vjs=3
"금융대기업 (연구센터) NLP 경력자, 석사이상",금융대기업 연구센터,서울,https://kr.indeed.com/viewjob?jk=8607c37726d3bb95&tk=1e8dtuqnr7kt4800&from=serp&vjs=3
"Principal, Back-end Engineer (Seller Portal)",Coupang,서울,https://kr.indeed.com/viewjob?jk=dbe0f6f7da20d201&tk=1e8dtuqnr7kt4800&from=serp&vjs=3
"멀티미디어(방송, 영상) 보안 솔루션 개발 (C,C++)",비에이블컨설팅그룹,서울 구로구,https://kr.indeed.com/viewjob?jk=0f6496816fd971b7&tk=1e8dtuqnr7kt4800&from=serp&vjs=3
2016년도 국립기상과학원 1분기 연구원(기간제근로자),기상청,대한민국,https://kr.indeed.com/viewjob?jk=e3200f99b6891e9d&tk=1e8dtuqnr7kt4800&from=serp&vjs=3
생물정보분석 (Bioinformatics) 연구원,핼액을 기반으로 암의 조기진단에 도전하는 혁신적인 헬스케어 기업,서울 금천구,https://kr.indeed.com/viewjob?jk=fd2b74a92ae8b82e&tk=1e8dtuqnr7kt4800&from=serp&vjs=3
빅데이터분석 신입 및 경력직원,와이즈인컴퍼니,서울 강남구,https://kr.indeed.com/viewjob?jk=77ff926c2dc1d373&tk=1e8dtuqnr7kt4800&from=serp&vjs=3
서울 강남구 인썸니아 시니어 개발자 및 퍼블리셔,인썸니아,서울 서초구,https://kr.indeed.com/viewjob?jk=6c1d50662fa2d7f7&tk=1e8dtuqnr7kt4800&from=serp&vjs=3
[대형보험사] 데이터 분석가 (대리~차장급),커리어라임즈,서울,https://kr.indeed.com/viewjob?jk=de8cadea16d4318a&tk=1e8dtuqnr7kt4800&from=serp&vjs=3
O2O Platform Frontend Web개발(경력),에이치에너지,서울 강남구,https://kr.indeed.com/viewjob?jk=054fa6ab927802c9&tk=1e8dtuqnr7kt4800&from=serp&vjs=3
Sr. Back-end Engineer (Query Understanding),Coupang,서울,https://kr.indeed.com/viewjob?jk=0df2999925f12355&tk=1e8dtuqnr7kt4800&from=serp&vjs=3
위치기반 게임플랫폼 서버 개발자 영입,라이프엠엠오,성남 분당구,https://kr.indeed.com/viewjob?jk=d6aa69c5fea27251&tk=1e8dtuqnr7kt4800&from=serp&vjs=3
기후 분석&모델링연구실 시간제연구원,광주과학기술원,광주 북구,https://kr.indeed.com/viewjob?jk=78d1ec77f4a5e0dc&tk=1e8dtuqnr7kt4800&from=serp&vjs=3
Cloud Support Eng. II (SCD),Amazon Web Services Korea LLC,서울,https://kr.indeed.com/viewjob?jk=1c48b404fc0661dc&tk=1e8dtuqnr7kt4800&from=serp&vjs=3
"MVP 개발 엔지니어(서버, 웹프론트) (정규직, 계약직, 프리랜서)",더테스터,대전 중구,https://kr.indeed.com/viewjob?jk=1748baa27965fdbf&tk=1e8dtuqnr7kt4800&from=serp&vjs=3
"Software Engineering Manager, Server",Sendbird,서울,https://kr.indeed.com/viewjob?jk=677bb425dc2caf7e&tk=1e8dtuqnr7kt4800&from=serp&vjs=3
Cloud Storage Architect 국내 IT 대기업,국내 IT 대기업,서울특별시,https://kr.indeed.com/viewjob?jk=703240f1af245dde&tk=1e8dtuqnr7kt4800&from=serp&vjs=3
DGIST HumanLAB(인간중심지능형시스템연구실) 연수연구원 채용 공고,대구경북과학기술원,대구 현풍면,https://kr.indeed.com/viewjob?jk=54ce47c4db974112&tk=1e8dtuqnr7kt4800&from=serp&vjs=3
데이터 엔지니어,에이치알 코리아,대한민국,https://kr.indeed.com/viewjob?jk=04f3458db4cc1f14&tk=1e8dtuqnr7kt4800&from=serp&vjs=3
Back-end Engineer 경력 채용,주식회사 카사코리아 관심기업,서울 삼성동,https://kr.indeed.com/viewjob?jk=7ab72b2f19e2425d&tk=1e8dtuqnr7kt4800&from=serp&vjs=3
Sr. Database Engineer (FinTech Platform),Coupang,서울,https://kr.indeed.com/viewjob?jk=df55d488077e61e3&tk=1e8dtuqnr7kt4800&from=serp&vjs=3
Data Scientist,해외송금 전문업체,서울 강남구,https://kr.indeed.com/viewjob?jk=e8d1c3f88e0b200b&tk=1e8dtuqnr7kt4800&from=serp&vjs=3
웹 서비스 백엔드(Back-end) 시니어 개발자,스탠드포인트,서울 금천구,https://kr.indeed.com/viewjob?jk=2962f736a95cb7e2&tk=1e8dtuqnr7kt4800&from=serp&vjs=3
카카오 전체의 사용자 플랫폼 만들 서버개발자,카카오,성남 판교역,https://kr.indeed.com/viewjob?jk=6d479593b544fa68&tk=1e8dtuqnr7kt4800&from=serp&vjs=3
DRE - Build Engineer,Success Korea,서울,https://kr.indeed.com/viewjob?jk=ee7e4f2e5d69f84c&tk=1e8dtuqnr7kt4800&from=serp&vjs=3
"Sr. Solutions Architect, Storage",Amazon Web Services Korea LLC,서울,https://kr.indeed.com/viewjob?jk=d90b5ba4ce618721&tk=1e8dtuqnr7kt4800&from=serp&vjs=3
"Principal, Data Engineer (Pricing Competitor Intelligence)",Coupang,서울,https://kr.indeed.com/viewjob?jk=c16d65e660e7e744&tk=1e8dtuqnr7kt4800&from=serp&vjs=3
Window Desktop Application Developer (C# / .NET),Bepro Company,서울,https://kr.indeed.com/viewjob?jk=01b7f9d31e668163&tk=1e8dtuqnr7kt4800&from=serp&vjs=3
Frontend Developer (Javascript/React),Bepro Company,서울,https://kr.indeed.com/viewjob?jk=d11342cfe074df78&tk=1e8dtuqnr7kt4800&from=serp&vjs=3
2020 Market Data Analyst - Seoul (Korean Speaker),Bloomberg,서울,https://kr.indeed.com/viewjob?jk=b3dc36f873b9e4e3&tk=1e8dtuqnr7kt4800&from=serp&vjs=3
Window Desktop Application Developer (C# / .NET),Bepro Company,서울,https://kr.indeed.com/viewjob?jk=01b7f9d31e668163&tk=1e8dtuqnr7kt4800&from=serp&vjs=3
Frontend Developer (Javascript/React),Bepro Company,서울,https://kr.indeed.com/viewjob?jk=d11342cfe074df78&tk=1e8dtuqnr7kt4800&from=serp&vjs=3
TD (Pipeline Developer),Calm Island,서울,https://kr.indeed.com/viewjob?jk=b346d97741fd59f0&tk=1e8dtuqnr7kt4800&from=serp&vjs=3
Back-end 개발(경력 - 3년 이상),엔카닷컴,서울 중구,https://kr.indeed.com/viewjob?jk=7ebdf4113ab38d2b&tk=1e8dtuqnr7kt4800&from=serp&vjs=3
IT 강소기업 JAVA 솔루션 개발자 (경력직) (성수동),휴먼브릿지앤코,서울,https://kr.indeed.com/viewjob?jk=15d34691f7f24eee&tk=1e8dtuqnr7kt4800&from=serp&vjs=3
[대형보험사] 딥러닝 엔지니어 (대리~차장급),커리어라임즈,서울,https://kr.indeed.com/viewjob?jk=9625664d163fc237&tk=1e8dtuqnr7kt4800&from=serp&vjs=3
한글 Q&A 시스템 연구 개발 신입/경력사원,포티투마루,서울 관악구,https://kr.indeed.com/viewjob?jk=6f88041c28b6c1ae&tk=1e8dtuqnr7kt4800&from=serp&vjs=3
AI(인공지능) 개발자,휴먼디지털,서울,https://kr.indeed.com/viewjob?jk=d498993697237b33&tk=1e8dtuqnr7kt4800&from=serp&vjs=3
DGIST 고신뢰CPS연구센터 제1차 계약직 연구원 채용 공고,대구경북과학기술원,대구 현풍면,https://kr.indeed.com/viewjob?jk=1b68c0bd75dbe08d&tk=1e8dtuqnr7kt4800&from=serp&vjs=3
React Native Developer,"Miso, inc",서울,https://kr.indeed.com/viewjob?jk=315c65b8337d3e7a&tk=1e8dtuqnr7kt4800&from=serp&vjs=3
DGIST 동반진단의료기술융합연구실 계약직 연구원 채용 공고,대구경북과학기술원,대구 현풍면,https://kr.indeed.com/viewjob?jk=db55ee61f98e6816&tk=1e8dtuqnr7kt4800&from=serp&vjs=3
기상레이더센터 연구원 및 전문연구요원,기상청,대한민국,https://kr.indeed.com/viewjob?jk=adc5f21e822bd765&tk=1e8dtuqnr7kt4800&from=serp&vjs=3
2020년 상반기 웹기획/개발/영업관리/고객관리/인사총무,가비아씨엔에스,성남 분당구,https://kr.indeed.com/viewjob?jk=9f618d7751d83b9a&tk=1e8dtuqnr7kt4800&from=serp&vjs=3
DGIST 동반진단의료기술융합연구실 계약직 연구원 공개 채용 공고,대구경북과학기술원,대구 현풍면,https://kr.indeed.com/viewjob?jk=1548f8b2dc2157f6&tk=1e8dtuqnr7kt4800&from=serp&vjs=3
Full Stack Developer,"Miso, inc",서울,https://kr.indeed.com/viewjob?jk=754348a9c3f08d66&tk=1e8dtuqnr7kt4800&from=serp&vjs=3
RTL 및 ASIC 설계 엔지니어(딥러닝 하드웨어 프로세서 개발),딥엑스,성남 분당구,https://kr.indeed.com/viewjob?jk=1d08b973eadc35b8&tk=1e8dtuqnr7kt4800&from=serp&vjs=3
"모바일 앱 서버 개발(Java, Python)",휴먼디지털,서울,https://kr.indeed.com/viewjob?jk=16dff836029458af&tk=1e8dtuqnr7kt4800&from=serp&vjs=3
Senior Business Analyst (Retail Program Management),Coupang,서울,https://kr.indeed.com/viewjob?jk=7772fd53bc80acde&tk=1e8dtuqnr7kt4800&from=serp&vjs=3
Video Analytics(VA) Software Developer,Success Korea,서울,https://kr.indeed.com/viewjob?jk=ca46d5dccd5e9d73&tk=1e8dtuqnr7kt4800&from=serp&vjs=3
카카오 분석 플랫폼 경력 개발자,카카오,성남 판교역,https://kr.indeed.com/viewjob?jk=8ae7c240ef7d5f0b&tk=1e8dtuqnr7kt4800&from=serp&vjs=3
Pipeline TD,Mofac,서울 서초구,https://kr.indeed.com/viewjob?jk=1d98c46b4900b7e6&tk=1e8dtuqnr7kt4800&from=serp&vjs=3
인공지능(AI) SW개발 담당 0명 자동화 산업장비 제조업,자동화 산업장비 제조업,대한민국,https://kr.indeed.com/viewjob?jk=5164238b12d010da&tk=1e8dtuqnr7kt4800&from=serp&vjs=3
VP of Engineering,"Miso, inc",서울,https://kr.indeed.com/viewjob?jk=f5db97b4d95cbc04&tk=1e8dtuqnr7kt4800&from=serp&vjs=3
Front-end Developer,"Miso, inc",서울,https://kr.indeed.com/viewjob?jk=9f7d7cbe5e172a01&tk=1e8dtuqnr7kt4800&from=serp&vjs=3
[주식회사 옥퀘스트]인공지능 기반 뷰티&헬스케어 토털 서비스 전문 회사와 함께 하실 분,옥퀘스트,서울 목동,https://kr.indeed.com/viewjob?jk=cb7d24298c78f23f&tk=1e8dtuqnr7kt4800&from=serp&vjs=3
"Principal, Data Engineer (Pricing Tech)",Coupang,서울,https://kr.indeed.com/viewjob?jk=ed3686b9c2eea9ad&tk=1e8dtuqnr7kt4800&from=serp&vjs=3
Cloud Service 개발 및 운영,LINE Plus corporation,성남 서현역,https://kr.indeed.com/viewjob?jk=48ace3aa027982bc&tk=1e8dtuqnr7kt4800&from=serp&vjs=3
"Principal, Business Analysis (Coupang Eats)",Coupang,서울,https://kr.indeed.com/viewjob?jk=2cca42ee0951d4be&tk=1e8dtuqnr7kt4800&from=serp&vjs=3
인공지능 검색서비스 기획,에이치알 코리아,서울,https://kr.indeed.com/viewjob?jk=e1cf26d9df2052c9&tk=1e8dtuqnr7kt4800&from=serp&vjs=3
DGIST-ETH 마이크로로봇연구센터 계약직 직원 공개 초빙 공고,대구경북과학기술원,대구 현풍면,https://kr.indeed.com/viewjob?jk=c9c0370fa9baf512&tk=1e8dtuqnr7kt4800&from=serp&vjs=3
DGIST 계약직 연구원 및 일반직원 초빙 공고,대구경북과학기술원,대구 현풍면,https://kr.indeed.com/viewjob?jk=65da831cb9d5a6b5&tk=1e8dtuqnr7kt4800&from=serp&vjs=3
빅데이터 플랫폼 및 BI시스템 구축 그룹 IT계열사,그룹 IT계열사,서울특별시,https://kr.indeed.com/viewjob?jk=c1936b77c8be4bcf&tk=1e8dtuqnr7kt4800&from=serp&vjs=3
전기전자컴퓨터공학부(바이오컴퓨팅연구실) 위촉연구원,광주과학기술원,광주 북구,https://kr.indeed.com/viewjob?jk=98c2229e57d4ee1f&tk=1e8dtuqnr7kt4800&from=serp&vjs=3
"서버 개발자 (리눅스, C,C++, TCP/IP 소켓)",비에이블컨설팅그룹,서울 구로구,https://kr.indeed.com/viewjob?jk=16a0c963a5fe0ea4&tk=1e8dtuqnr7kt4800&from=serp&vjs=3
"AI,BIG DATA개발 경력직",비스퀘어,부산 해운대구,https://kr.indeed.com/viewjob?jk=f5518c7184bf0f10&tk=1e8dtuqnr7kt4800&from=serp&vjs=3
Cloud Infrastructure Architect,Amazon Web Services Korea LLC,서울,https://kr.indeed.com/viewjob?jk=d9470ee259f7457b&tk=1e8dtuqnr7kt4800&from=serp&vjs=3
"Imaging Scientist, Technology Development Center Korea",Success Korea,경기도 화성,https://kr.indeed.com/viewjob?jk=dd525f7585490793&tk=1e8dtuqnr7kt4800&from=serp&vjs=3
통계 분석 전문가,Success Korea,서울 강서구,https://kr.indeed.com/viewjob?jk=04ecc7af1c61ab5a&tk=1e8dtuqnr7kt4800&from=serp&vjs=3
머신러닝 엔지니어 (3년이상),Success Korea,서울,https://kr.indeed.com/viewjob?jk=1a95f6b307d52b94&tk=1e8dtuqnr7kt4800&from=serp&vjs=3
[연구개발(회전익)] 컴퓨터/SW 분야 연구개발 경력사원(계약직),한국항공우주산업,경상남도 사천,https://kr.indeed.com/viewjob?jk=fbba7d645056078f&tk=1e8dtuqnr7kt4800&from=serp&vjs=3
[해외취업] 게임 서버 엔지니어 정사원/계약사원 중,"CREEK & RIVER Co., Ltd.",대한민국,https://kr.indeed.com/viewjob?jk=4931bdddafc97c9a&tk=1e8dtuqnr7kt4800&from=serp&vjs=3
"[해외취업] IT 프로그래머,web개발 엔지니어,Java프로그래머,인프라, SES 정사원 東京、島根県出雲市근무",SEAGILE,대한민국,https://kr.indeed.com/viewjob?jk=45a8d1ec64004328&tk=1e8dtuqnr7kt4800&from=serp&vjs=3
Support Engineer _ Azure Security,Microsoft,서울,https://kr.indeed.com/viewjob?jk=ac8d5ff1022fce65&tk=1e8dtuqnr7kt4800&from=serp&vjs=3
Sydney Based Cloud Support Engineer,Success Korea,대한민국,https://kr.indeed.com/viewjob?jk=449c79ff66c3925c&tk=1e8dtuqnr7kt4800&from=serp&vjs=3
Operations Associate (운영팀원) - 한국,Beam,서울,https://kr.indeed.com/viewjob?jk=e58c6fe6fd87f03e&tk=1e8dtuqnr7kt4800&from=serp&vjs=3
(주)엘솔루 개발자,㈜엘솔루,서울,https://kr.indeed.com/viewjob?jk=2a1d77bd91952093&tk=1e8dtuqnr7kt4800&from=serp&vjs=3
빅데이터 분석/활용(과~차장),Success Korea,서울,https://kr.indeed.com/viewjob?jk=2dc48511f09843fa&tk=1e8dtuqnr7kt4800&from=serp&vjs=3
Big Data Engineer,휴먼디지털,서울,https://kr.indeed.com/viewjob?jk=6863b8ecbee9cb28&tk=1e8dtuqnr7kt4800&from=serp&vjs=3
시스템 프로그래머,에너지 거래소 및 에너지데이터 중개,서울,https://kr.indeed.com/viewjob?jk=33fbfcd01ae23602&tk=1e8dtuqnr7kt4800&from=serp&vjs=3
WaveBridge BackEnd Developer 경력직,웨이브릿지,서울 강남구,https://kr.indeed.com/viewjob?jk=ea7a7ab6e15151c1&tk=1e8dtuqnr7kt4800&from=serp&vjs=3
Cloud 서비스 (Infra as a Service) 개발자 (경력),카카오,성남 판교역,https://kr.indeed.com/viewjob?jk=449e0f73f32c6c7a&tk=1e8dtuqnr7kt4800&from=serp&vjs=3
"Senior, Software Engineer (Search Quality Assurance)",Coupang,서울,https://kr.indeed.com/viewjob?jk=7a08f5e589b10a00&tk=1e8dtuqnr7kt4800&from=serp&vjs=3
데이터 분석가 (Business Intelligence Analyst),코스닥 상장 중견 게임기업,서울 강남구,https://kr.indeed.com/viewjob?jk=c1037225077ca4da&tk=1e8dtuqnr7kt4800&from=serp&vjs=3
2020 Market Data Analyst - Seoul (Korean Speaker),Bloomberg,서울,https://kr.indeed.com/viewjob?jk=b3dc36f873b9e4e3&tk=1e8dtuqnr7kt4800&from=serp&vjs=3
Window Desktop Application Developer (C# / .NET),Bepro Company,서울,https://kr.indeed.com/viewjob?jk=01b7f9d31e668163&tk=1e8dtuqnr7kt4800&from=serp&vjs=3
Frontend Developer (Javascript/React),Bepro Company,서울,https://kr.indeed.com/viewjob?jk=d11342cfe074df78&tk=1e8dtuqnr7kt4800&from=serp&vjs=3
데이터 엔지니어,에이치알 코리아,대한민국,https://kr.indeed.com/viewjob?jk=04f3458db4cc1f14&tk=1e8dtuqnr7kt4800&from=serp&vjs=3
"AI,BIG DATA개발 경력직",비스퀘어,부산 해운대구,https://kr.indeed.com/viewjob?jk=f5518c7184bf0f10&tk=1e8dtuqnr7kt4800&from=serp&vjs=3
"안드로이드/IOS 앱/웹개발자, 앱/웹 디자이너 신입/경력 정규직",오퍼튜니티,제주 제주시,https://kr.indeed.com/viewjob?jk=2b9372dd785c38ea&tk=1e8dtuqnr7kt4800&from=serp&vjs=3
지스트 블록체인경제센터(강남소재) 계약직(연구원),광주과학기술원,광주 북구,https://kr.indeed.com/viewjob?jk=674370fd38bce0dd&tk=1e8dtuqnr7kt4800&from=serp&vjs=3
"로봇관련, R&D_로봇 Skill 개발",4차산업 공장 자동화 기기 및 소프트웨어,경기도 수원,https://kr.indeed.com/viewjob?jk=50d0ae3f24a94532&tk=1e8dtuqnr7kt4800&from=serp&vjs=3
저축은행 앱마케팅팀 데이터분석,국내자본 저축은행,서울 구로구,https://kr.indeed.com/viewjob?jk=0ab285258b1cb206&tk=1e8dtuqnr7kt4800&from=serp&vjs=3
"웹/모바일 기반 벡엔드/프론트엔드 개발_대리, 과장급_대기업",에이치알 코리아,대한민국,https://kr.indeed.com/viewjob?jk=8c4e16d1785c009f&tk=1e8dtuqnr7kt4800&from=serp&vjs=3
Operations Associate (운영팀원) - 한국,Beam,서울,https://kr.indeed.com/viewjob?jk=e58c6fe6fd87f03e&tk=1e8dtuqnr7kt4800&from=serp&vjs=3
Full Stack Developer,"Miso, inc",서울,https://kr.indeed.com/viewjob?jk=754348a9c3f08d66&tk=1e8dtuqnr7kt4800&from=serp&vjs=3
"AI기술기반 Front-end, Back-end, Android 개발 및 운영(경력)",알체라,성남 분당구,https://kr.indeed.com/viewjob?jk=4c8bf1f6eb1e3e2a&tk=1e8dtuqnr7kt4800&from=serp&vjs=3
"금융대기업 (연구센터) NLP 경력자, 석사이상",금융대기업 연구센터,서울,https://kr.indeed.com/viewjob?jk=8607c37726d3bb95&tk=1e8dtuqnr7kt4800&from=serp&vjs=3
Senior Business Analyst (Retail Program Management),Coupang,서울,https://kr.indeed.com/viewjob?jk=7772fd53bc80acde&tk=1e8dtuqnr7kt4800&from=serp&vjs=3
Cloud Service 개발 및 운영,LINE Plus corporation,성남 서현역,https://kr.indeed.com/viewjob?jk=48ace3aa027982bc&tk=1e8dtuqnr7kt4800&from=serp&vjs=3
DX혁신부문 Tech Lab Senior Machine Learning & AI(Data professional) 정규직,이투스교육,서울 강남구,https://kr.indeed.com/viewjob?jk=9b09565fe78ef392&tk=1e8dtuqnr7kt4800&from=serp&vjs=3
협업도구 및 코드관리도구 운영담당자 (경력),카카오,성남 판교역,https://kr.indeed.com/viewjob?jk=62bedb52fadedd74&tk=1e8dtuqnr7kt4800&from=serp&vjs=3
전기전자컴퓨터공학부(바이오컴퓨팅연구실) 위촉연구원,광주과학기술원,광주 북구,https://kr.indeed.com/viewjob?jk=98c2229e57d4ee1f&tk=1e8dtuqnr7kt4800&from=serp&vjs=3
"[해외취업] IT 프로그래머,web개발 엔지니어,Java프로그래머,인프라, SES 정사원 東京、島根県出雲市근무",SEAGILE,대한민국,https://kr.indeed.com/viewjob?jk=45a8d1ec64004328&tk=1e8dtuqnr7kt4800&from=serp&vjs=3
WaveBridge BackEnd Developer 경력직,웨이브릿지,서울 강남구,https://kr.indeed.com/viewjob?jk=ea7a7ab6e15151c1&tk=1e8dtuqnr7kt4800&from=serp&vjs=3
DGIST 미래자동차융합연구센터 계약직 연구원 및 연수연구원 공개 초빙 공고,대구경북과학기술원,대구 현풍면,https://kr.indeed.com/viewjob?jk=74cf47be676133ff&tk=1e8dtuqnr7kt4800&from=serp&vjs=3
Data Scientist,에너지 거래소 및 에너지데이터 중개,서울,https://kr.indeed.com/viewjob?jk=1622a08497f8c091&tk=1e8dtuqnr7kt4800&from=serp&vjs=3
TOAST Cloud 플랫폼 및 서비스 개발,NHN,성남 판교역,https://kr.indeed.com/viewjob?jk=ea2cf2a5e929b0ee&tk=1e8dtuqnr7kt4800&from=serp&vjs=3
인공지능 검색서비스 기획,에이치알 코리아,서울,https://kr.indeed.com/viewjob?jk=e1cf26d9df2052c9&tk=1e8dtuqnr7kt4800&from=serp&vjs=3
"Principal, O365 SaaS Application Engineer (Corporate IT Applications)",Coupang,서울,https://kr.indeed.com/viewjob?jk=8c8b1c8fee606a46&tk=1e8dtuqnr7kt4800&from=serp&vjs=3
지스트 블록체인경제센터 계약직연구원,광주과학기술원,광주 북구,https://kr.indeed.com/viewjob?jk=a7c68eba65a950aa&tk=1e8dtuqnr7kt4800&from=serp&vjs=3
지스트 블록체인경제센터(강남소재) 계약직연구원,광주과학기술원,광주 북구,https://kr.indeed.com/viewjob?jk=794e209e405f4fc0&tk=1e8dtuqnr7kt4800&from=serp&vjs=3
"Principal, Business Analysis (Coupang Eats)",Coupang,서울,https://kr.indeed.com/viewjob?jk=2cca42ee0951d4be&tk=1e8dtuqnr7kt4800&from=serp&vjs=3
VP of Engineering,"Miso, inc",서울,https://kr.indeed.com/viewjob?jk=f5db97b4d95cbc04&tk=1e8dtuqnr7kt4800&from=serp&vjs=3
Sydney Based Cloud Support Engineer,Success Korea,대한민국,https://kr.indeed.com/viewjob?jk=449c79ff66c3925c&tk=1e8dtuqnr7kt4800&from=serp&vjs=3
(주)엘솔루 개발자,㈜엘솔루,서울,https://kr.indeed.com/viewjob?jk=2a1d77bd91952093&tk=1e8dtuqnr7kt4800&from=serp&vjs=3
시스템 프로그래머,에너지 거래소 및 에너지데이터 중개,서울,https://kr.indeed.com/viewjob?jk=33fbfcd01ae23602&tk=1e8dtuqnr7kt4800&from=serp&vjs=3
Front-end Developer,"Miso, inc",서울,https://kr.indeed.com/viewjob?jk=9f7d7cbe5e172a01&tk=1e8dtuqnr7kt4800&from=serp&vjs=3
DGIST 미래자동차융합연구센터 계약직 연구원 및 박사후연수연구원 공개 초빙 공고,대구경북과학기술원,대구 현풍면,https://kr.indeed.com/viewjob?jk=2459b164bb22d0f4&tk=1e8dtuqnr7kt4800&from=serp&vjs=3
블록체인인터넷경제 연구센터 위촉연구원,광주과학기술원,광주 북구,https://kr.indeed.com/viewjob?jk=77d8e0149dad533b&tk=1e8dtuqnr7kt4800&from=serp&vjs=3
머신러닝 엔지니어 (3년이상),Success Korea,서울,https://kr.indeed.com/viewjob?jk=1a95f6b307d52b94&tk=1e8dtuqnr7kt4800&from=serp&vjs=3
Cloud Infrastructure Architect,Amazon Web Services Korea LLC,서울,https://kr.indeed.com/viewjob?jk=d9470ee259f7457b&tk=1e8dtuqnr7kt4800&from=serp&vjs=3
(경력) 정규직 웹개발자,알에스팀,대전 서구,https://kr.indeed.com/viewjob?jk=ba26ecf33dcf82ad&tk=1e8dtuqnr7kt4800&from=serp&vjs=3
Analytics Engineer,Success Korea,서울 삼성동,https://kr.indeed.com/viewjob?jk=417d3e24bac85b14&tk=1e8dtuqnr7kt4800&from=serp&vjs=3
빅데이터 분석/컨설팅(3년이상 경력),에이치알 코리아,서울,https://kr.indeed.com/viewjob?jk=1686bc8fdc03fd84&tk=1e8dtuqnr7kt4800&from=serp&vjs=3
차세대 광-무선 가입자망 연구센터 연구전담교수,광주과학기술원,광주 북구,https://kr.indeed.com/viewjob?jk=05439002712f8135&tk=1e8dtuqnr7kt4800&from=serp&vjs=3
Data engineer,Success Korea,서울 강남구,https://kr.indeed.com/viewjob?jk=22b69448bcfcf9ed&tk=1e8dtuqnr7kt4800&from=serp&vjs=3
플랫폼(크라우드펀딩 혹은 마켓플레이스) IT 개발자,Success Korea,서울 강남구,https://kr.indeed.com/viewjob?jk=44419308a1995b82&tk=1e8dtuqnr7kt4800&from=serp&vjs=3
게임 딥러닝 AI 개발,Success Korea,성남 분당구,https://kr.indeed.com/viewjob?jk=a6df161cf8e96140&tk=1e8dtuqnr7kt4800&from=serp&vjs=3
통계 분석 전문가,Success Korea,서울 강서구,https://kr.indeed.com/viewjob?jk=04ecc7af1c61ab5a&tk=1e8dtuqnr7kt4800&from=serp&vjs=3
Full Stack engineer,Success Korea,서울 공덕동,https://kr.indeed.com/viewjob?jk=f9ba0aceb3ab191b&tk=1e8dtuqnr7kt4800&from=serp&vjs=3
데이터 전문가,Success Korea,서울 삼성동,https://kr.indeed.com/viewjob?jk=74c4f418a78c820f&tk=1e8dtuqnr7kt4800&from=serp&vjs=3
빅데이터 분석,Success Korea,서울 삼성동,https://kr.indeed.com/viewjob?jk=13513ddad0382808&tk=1e8dtuqnr7kt4800&from=serp&vjs=3
서버 개발자,유명메신저회사,서울 강남구,https://kr.indeed.com/viewjob?jk=4905d9f2b47e6464&tk=1e8dtuqnr7kt4800&from=serp&vjs=3
디지털LAB 신기술파트,국내자본 저축은행,서울 구로구,https://kr.indeed.com/viewjob?jk=d24428ed26f0b058&tk=1e8dtuqnr7kt4800&from=serp&vjs=3
Operations Manager (운영팀장) - 한국,Beam,서울,https://kr.indeed.com/viewjob?jk=43bf0c7e2b10e9b5&tk=1e8dtuqnr7kt4800&from=serp&vjs=3
저축은행 소비자금융 Data Science 팀,국내자본 저축은행,서울 구로구,https://kr.indeed.com/viewjob?jk=cdf617324298bb9d&tk=1e8dtuqnr7kt4800&from=serp&vjs=3
데이터 분석가 (Business Intelligence Analyst),코스닥 상장 중견 게임기업,서울 강남구,https://kr.indeed.com/viewjob?jk=c1037225077ca4da&tk=1e8dtuqnr7kt4800&from=serp&vjs=3
2020 Market Data Analyst - Seoul (Korean Speaker),Bloomberg,서울,https://kr.indeed.com/viewjob?jk=b3dc36f873b9e4e3&tk=1e8dtuqnr7kt4800&from=serp&vjs=3
Window Desktop Application Developer (C# / .NET),Bepro Company,서울,https://kr.indeed.com/viewjob?jk=01b7f9d31e668163&tk=1e8dtuqnr7kt4800&from=serp&vjs=3
Frontend Developer (Javascript/React),Bepro Company,서울,https://kr.indeed.com/viewjob?jk=d11342cfe074df78&tk=1e8dtuqnr7kt4800&from=serp&vjs=3
저축은행 디지털 LAB,국내자본 저축은행,서울 구로구,https://kr.indeed.com/viewjob?jk=3ca47f227f783ee5&tk=1e8dtuqnr7kt4800&from=serp&vjs=3
Android 앱개발자 (경력3년이상),이퓨인터내셔널,서울 강남구,https://kr.indeed.com/viewjob?jk=dd34d9838bc38782&tk=1e8dtuqnr7kt4800&from=serp&vjs=3
게임밸런스 (게임 시뮬레이터),Success Korea,성남 분당구,https://kr.indeed.com/viewjob?jk=9681ee519a4f870e&tk=1e8dtuqnr7kt4800&from=serp&vjs=3
TEST IT,Success Korea,인천 부평구,https://kr.indeed.com/viewjob?jk=e51c8736967894d3&tk=1e8dtuqnr7kt4800&from=serp&vjs=3
ICT 서비스본부 디지털LAB,국내자본 저축은행,서울 구로구,https://kr.indeed.com/viewjob?jk=e0751dcb592aa9cc&tk=1e8dtuqnr7kt4800&from=serp&vjs=3
운영(Business Operation Management) 경력자,유명메신저회사,서울 성동구,https://kr.indeed.com/viewjob?jk=caccb1d9be6bc918&tk=1e8dtuqnr7kt4800&from=serp&vjs=3
Platform server 개발자,Success Korea,성남 분당구,https://kr.indeed.com/viewjob?jk=3da2537c07ea7706&tk=1e8dtuqnr7kt4800&from=serp&vjs=3
기술영업(신입/경력),에이치알 코리아,대한민국,https://kr.indeed.com/viewjob?jk=9fa9d498506f86aa&tk=1e8dtuqnr7kt4800&from=serp&vjs=3
개인화 추천서비스 개발,Success Korea,서울 삼성동,https://kr.indeed.com/viewjob?jk=18d4b759113240ca&tk=1e8dtuqnr7kt4800&from=serp&vjs=3
"Imaging Scientist, Technology Development Center Korea",Success Korea,경기도 화성,https://kr.indeed.com/viewjob?jk=dd525f7585490793&tk=1e8dtuqnr7kt4800&from=serp&vjs=3
저축은행 디지털마케팅본부 데이터분석 경력자,국내자본 저축은행,서울 구로구,https://kr.indeed.com/viewjob?jk=074bbbc1b7c4d596&tk=1e8dtuqnr7kt4800&from=serp&vjs=3
저축은행 소비자금융 Data Science,국내자본 저축은행,서울 구로구,https://kr.indeed.com/viewjob?jk=9cd311595b3e4bea&tk=1e8dtuqnr7kt4800&from=serp&vjs=3
저축은행 앱마케팅팀,국내자본 저축은행,서울 구로구,https://kr.indeed.com/viewjob?jk=35cefd4d91c7b366&tk=1e8dtuqnr7kt4800&from=serp&vjs=3
전자상거래 플랫폼 인프라 설계/구축/운영,Success Korea,서울,https://kr.indeed.com/viewjob?jk=9301688209a46cd7&tk=1e8dtuqnr7kt4800&from=serp&vjs=3
머신러닝 개발자,Success Korea,서울,https://kr.indeed.com/viewjob?jk=2900b41c0b091e46&tk=1e8dtuqnr7kt4800&from=serp&vjs=3
테크니컬 아키텍트,Success Korea,서울,https://kr.indeed.com/viewjob?jk=bc4a0e62c7c3d510&tk=1e8dtuqnr7kt4800&from=serp&vjs=3
데이터분석,Success Korea,서울,https://kr.indeed.com/viewjob?jk=67e90e28e81d778d&tk=1e8dtuqnr7kt4800&from=serp&vjs=3
인공지능 소프트웨어 엔지니어,에이치알 코리아,서울,https://kr.indeed.com/viewjob?jk=7b1bf7ccf8fdf4bb&tk=1e8dtuqnr7kt4800&from=serp&vjs=3
Server Developer(PHP),Success Korea,서울,https://kr.indeed.com/viewjob?jk=c8869aca354714a1&tk=1e8dtuqnr7kt4800&from=serp&vjs=3
시스템 엔지니어,Success Korea,서울 삼성동,https://kr.indeed.com/viewjob?jk=516545e5882be38c&tk=1e8dtuqnr7kt4800&from=serp&vjs=3
보안 개발전문가,Success Korea,서울 삼성동,https://kr.indeed.com/viewjob?jk=dcc2877b33c5b511&tk=1e8dtuqnr7kt4800&from=serp&vjs=3
웹개발자,Success Korea,서울 잠실역,https://kr.indeed.com/viewjob?jk=2936adf2a7318db5&tk=1e8dtuqnr7kt4800&from=serp&vjs=3
웹개발팀장,Success Korea,서울 잠실역,https://kr.indeed.com/viewjob?jk=c4e7809eb035c7ee&tk=1e8dtuqnr7kt4800&from=serp&vjs=3
DW&BI팀 Data Architect,Success Korea,서울,https://kr.indeed.com/viewjob?jk=d04d5965fd332b3e&tk=1e8dtuqnr7kt4800&from=serp&vjs=3
디지털마케팅본부 수신상품 기획 및 전략수립 경력자,국내자본 저축은행,서울,https://kr.indeed.com/viewjob?jk=509e7ab10e54f962&tk=1e8dtuqnr7kt4800&from=serp&vjs=3
인공지능 검색/데이터 엔지니어,에이치알 코리아,서울,https://kr.indeed.com/viewjob?jk=b1abf6f8058060cd&tk=1e8dtuqnr7kt4800&from=serp&vjs=3
저축은행 다이랙트마케팅팀 데이터분석,국내자본 저축은행,서울 구로구,https://kr.indeed.com/viewjob?jk=79da9b878d3d8709&tk=1e8dtuqnr7kt4800&from=serp&vjs=3
Text 분석,Success Korea,서울,https://kr.indeed.com/viewjob?jk=60097047695d7c71&tk=1e8dtuqnr7kt4800&from=serp&vjs=3
빌링서버 개발자,Success Korea,서울,https://kr.indeed.com/viewjob?jk=d9f1c1b5579f37c4&tk=1e8dtuqnr7kt4800&from=serp&vjs=3
"JAVA, Android 외 신입/경력 정규직",크리콜투,서울 서초구,https://kr.indeed.com/viewjob?jk=f178de26c9ae9a08&tk=1e8dtuqnr7kt4800&from=serp&vjs=3
보안개발자(ASAP),Success Korea,서울 삼성동,https://kr.indeed.com/viewjob?jk=a979e53aa387868c&tk=1e8dtuqnr7kt4800&from=serp&vjs=3
Effect Supervisor (경력 10년 이상) Effect Artist (신입),Mofac,서울 서초구,https://kr.indeed.com/viewjob?jk=0fea9598510abf0e&tk=1e8dtuqnr7kt4800&from=serp&vjs=3
Technical Artist,Success Korea,서울 강남구,https://kr.indeed.com/viewjob?jk=220551aa57f5eed8&tk=1e8dtuqnr7kt4800&from=serp&vjs=3
서버개발 엔지니어(사원~대리),Success Korea,서울 가산디지털단지역,https://kr.indeed.com/viewjob?jk=a7b63456fe29200d&tk=1e8dtuqnr7kt4800&from=serp&vjs=3
빅데이터 전략/마케팅 (과~차장),Success Korea,서울 중구,https://kr.indeed.com/viewjob?jk=c81984fb6cd9a0c6&tk=1e8dtuqnr7kt4800&from=serp&vjs=3
서버 개발(사원~과장급),Success Korea,서울 가산디지털단지역,https://kr.indeed.com/viewjob?jk=4801b7535e8bc40d&tk=1e8dtuqnr7kt4800&from=serp&vjs=3
Cloud Application Architect - Professional Services,Amazon Web Services Korea LLC,서울,https://kr.indeed.com/viewjob?jk=ff2f8c996186ab4d&tk=1e8dtuqnr7kt4800&from=serp&vjs=3
SW 품질 보증 전문가,Success Korea,서울,https://kr.indeed.com/viewjob?jk=8461bfe74b0948cf&tk=1e8dtuqnr7kt4800&from=serp&vjs=3
SW개발 매니저,Success Korea,서울 삼성동,https://kr.indeed.com/viewjob?jk=a758b91ea2f0dd2b&tk=1e8dtuqnr7kt4800&from=serp&vjs=3
저축은행 디지털금융본부 Data Science 팀 CSS운영 경력자,국내자본 저축은행,서울 구로구,https://kr.indeed.com/viewjob?jk=bfb3ee6d45d67013&tk=1e8dtuqnr7kt4800&from=serp&vjs=3
빅데이터 플랫폼 운영 및 분석구현,Success Korea,서울,https://kr.indeed.com/viewjob?jk=89d3bffd37a2487a&tk=1e8dtuqnr7kt4800&from=serp&vjs=3
Linux 서버 개발자,Success Korea,성남 판교역,https://kr.indeed.com/viewjob?jk=fe69337a085bae5b&tk=1e8dtuqnr7kt4800&from=serp&vjs=3
Web 개발,Success Korea,서울 중구,https://kr.indeed.com/viewjob?jk=c193b65defa6a4ec&tk=1e8dtuqnr7kt4800&from=serp&vjs=3
저축은행 디지털뱅킹팀 데이터분석,국내자본 저축은행,서울 구로구,https://kr.indeed.com/viewjob?jk=51dcabafcf7a0bb0&tk=1e8dtuqnr7kt4800&from=serp&vjs=3
[경력직] 클라우드 플랫폼(PaaS) 엔지니어 채용,에이치알 코리아,서울,https://kr.indeed.com/viewjob?jk=8d09144c7027cb06&tk=1e8dtuqnr7kt4800&from=serp&vjs=3
전산팀 개발 담당,Success Korea,서울 역삼동,https://kr.indeed.com/viewjob?jk=bf6d04be8ff513d2&tk=1e8dtuqnr7kt4800&from=serp&vjs=3
영상보안 Application 개발 및 수행,Success Korea,서울 중구,https://kr.indeed.com/viewjob?jk=493a39e613f9971a&tk=1e8dtuqnr7kt4800&from=serp&vjs=3
저축은행 디지털뱅킹팀 데이터분석 경력,국내자본 저축은행,서울 구로구,https://kr.indeed.com/viewjob?jk=53ced11b1e0addce&tk=1e8dtuqnr7kt4800&from=serp&vjs=3
서비스 개발 및 관리,Success Korea,서울,https://kr.indeed.com/viewjob?jk=bbf36187bf5002f0&tk=1e8dtuqnr7kt4800&from=serp&vjs=3
Security Developer,Success Korea,서울 삼성동,https://kr.indeed.com/viewjob?jk=ba3e218f3dfb8be7&tk=1e8dtuqnr7kt4800&from=serp&vjs=3
데이터 분석가 (Business Intelligence Analyst),코스닥 상장 중견 게임기업,서울 강남구,https://kr.indeed.com/viewjob?jk=c1037225077ca4da&tk=1e8dtuqnr7kt4800&from=serp&vjs=3
2020 Market Data Analyst - Seoul (Korean Speaker),Bloomberg,서울,https://kr.indeed.com/viewjob?jk=b3dc36f873b9e4e3&tk=1e8dtuqnr7kt4800&from=serp&vjs=3
플랫폼(크라우드펀딩 혹은 마켓플레이스) IT 개발자,Success Korea,서울 강남구,https://kr.indeed.com/viewjob?jk=44419308a1995b82&tk=1e8dtuqnr7kt4800&from=serp&vjs=3
SW개발(3명),Success Korea,서울 삼성동,https://kr.indeed.com/viewjob?jk=989584aa51f96aa1&tk=1e8dtuqnr7kt4800&from=serp&vjs=3
서버개발 엔지니어(사원~대리),Success Korea,서울 가산디지털단지역,https://kr.indeed.com/viewjob?jk=a7b63456fe29200d&tk=1e8dtuqnr7kt4800&from=serp&vjs=3
서비스 개발 및 관리,Success Korea,서울,https://kr.indeed.com/viewjob?jk=bbf36187bf5002f0&tk=1e8dtuqnr7kt4800&from=serp&vjs=3
SW개발 매니저,Success Korea,서울 삼성동,https://kr.indeed.com/viewjob?jk=a758b91ea2f0dd2b&tk=1e8dtuqnr7kt4800&from=serp&vjs=3
빅데이터 전략/마케팅 (과~차장),Success Korea,서울 중구,https://kr.indeed.com/viewjob?jk=c81984fb6cd9a0c6&tk=1e8dtuqnr7kt4800&from=serp&vjs=3
SW Architect,Success Korea,서울 신논현역,https://kr.indeed.com/viewjob?jk=806b07d4b07e4c47&tk=1e8dtuqnr7kt4800&from=serp&vjs=3
Microsoft 기술지원(Azure),Success Korea,서울 논현동,https://kr.indeed.com/viewjob?jk=5620b1845a6fad85&tk=1e8dtuqnr7kt4800&from=serp&vjs=3
Cloud System Engineer,Success Korea,서울,https://kr.indeed.com/viewjob?jk=3d594f8990d3a797&tk=1e8dtuqnr7kt4800&from=serp&vjs=3
전자상거래 플랫폼 인프라 설계/구축/운영,Success Korea,서울,https://kr.indeed.com/viewjob?jk=9301688209a46cd7&tk=1e8dtuqnr7kt4800&from=serp&vjs=3
cloud/saas개발,Success Korea,서울,https://kr.indeed.com/viewjob?jk=6373005ce9ee17b0&tk=1e8dtuqnr7kt4800&from=serp&vjs=3
DevOps Developer(Cloud),Success Korea,서울 논현동,https://kr.indeed.com/viewjob?jk=4e0b7f602fa05487&tk=1e8dtuqnr7kt4800&from=serp&vjs=3
빅데이터 플랫폼 운영 및 분석구현,Success Korea,서울,https://kr.indeed.com/viewjob?jk=89d3bffd37a2487a&tk=1e8dtuqnr7kt4800&from=serp&vjs=3
Window Desktop Application Developer (C# / .NET),Bepro Company,서울,https://kr.indeed.com/viewjob?jk=01b7f9d31e668163&tk=1e8dtuqnr7kt4800&from=serp&vjs=3
Frontend Developer (Javascript/React),Bepro Company,서울,https://kr.indeed.com/viewjob?jk=d11342cfe074df78&tk=1e8dtuqnr7kt4800&from=serp&vjs=3
데이터 분석가 (Business Intelligence Analyst),코스닥 상장 중견 게임기업,서울 강남구,https://kr.indeed.com/viewjob?jk=c1037225077ca4da&tk=1e8dtuqnr7kt4800&from=serp&vjs=3
